id,first_name,last_name,email,gender,contact,country,dob
1,Meredeth,Tonge,mtonge0@jalbum.net,Male,697-335-9015,Ukraine,2/1/1995
2,Bronnie,Hollingsby,bhollingsby1@constantcontact.com,Male,875-167-3764,South Africa,2/25/1988
3,Heidie,Orme,horme2@studiopress.com,Female,984-418-1124,Mozambique,10/16/1972
4,Gipsy,Frowde,gfrowde3@aboutads.info,Female,618-240-6247,Philippines,2/28/1985
5,Allegra,Bleakley,ableakley4@addtoany.com,Female,961-858-9458,Morocco,7/17/1977
6,Kellsie,Offen,koffen5@psu.edu,Bigender,416-250-9127,Brazil,1/25/2012
7,Elisabeth,Kernocke,ekernocke6@last.fm,Female,498-140-0051,Ukraine,12/19/2014
8,Durante,Easum,deasum7@pbs.org,Male,266-513-6640,Portugal,10/9/1990
9,Padriac,McCay,pmccay8@flickr.com,Male,328-841-9955,Russia,1/1/2005
10,Cam,Showering,cshowering9@is.gd,Male,832-914-2775,Armenia,5/13/1991
11,Minta,Keatch,mkeatcha@cnet.com,Female,224-790-3624,China,8/24/2018
12,Zachariah,Normandale,znormandaleb@ifeng.com,Male,892-874-5301,Uganda,7/16/2003
13,Ron,Syalvester,rsyalvesterc@deviantart.com,Male,736-196-7936,Croatia,11/11/1990
14,Onida,Bartot,obartotd@zimbio.com,Agender,374-471-3696,Indonesia,6/21/2023
15,Catrina,Ohrtmann,cohrtmanne@thetimes.co.uk,Female,669-679-7289,Turkmenistan,2/18/2016
16,Marinna,Janos,mjanosf@bloglines.com,Female,508-529-2422,Tunisia,4/21/1978
17,Sloan,Riepel,sriepelg@who.int,Male,174-369-9364,Ecuador,3/12/1986
18,Herby,Messager,hmessagerh@upenn.edu,Male,796-795-5013,Indonesia,7/29/2000
19,Issiah,MacTerrelly,imacterrellyi@cmu.edu,Male,884-656-1291,Indonesia,1/29/1985
20,Susy,Dederich,sdederichj@i2i.jp,Female,804-514-5178,United States,7/23/1973
21,Dode,Whipp,dwhippk@canalblog.com,Female,740-862-5082,Myanmar,12/26/2018
22,Quentin,Thalmann,qthalmannl@example.com,Male,920-460-1966,Estonia,12/15/1979
23,Ashil,Farrar,afarrarm@slashdot.org,Female,765-905-5278,Iran,1/18/1994
24,Noby,Rumsey,nrumseyn@apache.org,Male,766-342-8403,Lebanon,8/19/1971
25,Johnathan,Cissen,jcisseno@nasa.gov,Male,590-983-4821,Brazil,9/20/1975
26,Diana,Wharrier,dwharrierp@storify.com,Female,371-220-1728,France,8/28/2018
27,Rod,Haughin,rhaughinq@vinaora.com,Male,286-138-0436,Indonesia,6/13/2003
28,Brianna,Laskey,blaskeyr@msu.edu,Bigender,273-744-3488,Vietnam,10/8/1990
29,Justina,Compston,jcompstons@mapquest.com,Female,848-508-5777,Sweden,2/3/1975
30,Idalina,Tirte,itirtet@yellowbook.com,Female,546-976-8711,Thailand,11/23/1999
31,Andrus,O'Geaney,aogeaneyu@jigsy.com,Male,747-214-6414,Colombia,4/13/2023
32,Byram,Byforth,bbyforthv@google.cn,Male,497-893-6750,Dominican Republic,9/4/1994
33,Freddy,Stiell,fstiellw@ocn.ne.jp,Male,806-408-6120,United States,6/17/2020
34,Wyatan,Allso,wallsox@live.com,Male,178-149-1165,Czech Republic,6/29/2022
35,Brien,Matous,bmatousy@senate.gov,Male,626-458-3327,China,12/26/1987
36,Casey,Methringham,cmethringhamz@examiner.com,Agender,698-873-7856,Portugal,1/22/1987
37,Petronella,Snazle,psnazle10@wsj.com,Genderqueer,127-493-9812,China,11/6/2017
38,Riordan,O'Dennehy,rodennehy11@pen.io,Male,947-100-9242,China,1/28/1991
39,Case,Hens,chens12@patch.com,Male,243-994-6546,Indonesia,11/1/1992
40,Gay,Dmych,gdmych13@wired.com,Male,354-132-4033,Sweden,9/9/1993
41,Artus,Elgood,aelgood14@technorati.com,Male,620-515-3506,China,12/20/2001
42,Francois,Jopke,fjopke15@microsoft.com,Male,997-943-7488,Philippines,8/18/1979
43,Mallory,McPaik,mmcpaik16@fotki.com,Female,636-442-8460,Sweden,12/29/1971
44,Denny,Fist,dfist17@angelfire.com,Male,973-126-6495,Liberia,8/18/2021
45,Dacey,Kemitt,dkemitt18@usda.gov,Female,207-998-3952,Indonesia,7/24/1986
46,Blair,Cogar,bcogar19@earthlink.net,Female,706-303-8330,Thailand,6/18/2024
47,Doti,Twigge,dtwigge1a@zimbio.com,Female,894-613-5358,China,4/28/2003
48,Thane,Alderwick,talderwick1b@ovh.net,Male,330-429-0548,China,2/17/2021
49,Jeremy,Cliss,jcliss1c@yelp.com,Male,379-469-6866,Anguilla,5/3/1993
50,Patsy,Beesey,pbeesey1d@elegantthemes.com,Female,394-738-0499,Colombia,11/26/1995
51,Eugenie,Wessel,ewessel1e@wiley.com,Female,460-267-4032,Brazil,9/7/2000
52,Tedda,Crombie,tcrombie1f@google.com.hk,Female,973-629-5437,United States,8/3/2001
53,Vanni,Fernant,vfernant1g@weather.com,Female,909-346-1254,Poland,11/17/2007
54,Daryl,Freezer,dfreezer1h@sakura.ne.jp,Female,533-818-1888,Indonesia,6/13/1971
55,Allianora,Crellim,acrellim1i@multiply.com,Female,429-873-7349,Georgia,3/4/2013
56,Max,Cossom,mcossom1j@yale.edu,Female,104-416-8859,Malaysia,10/4/2022
57,Welby,Stollenhof,wstollenhof1k@dedecms.com,Male,687-321-7561,China,7/21/2003
58,Gabie,Gridley,ggridley1l@t-online.de,Male,628-249-5228,Western Sahara,5/3/1981
59,Aurelia,Goodluck,agoodluck1m@plala.or.jp,Female,771-282-0415,Greece,9/28/2019
60,Ailina,Balkwill,abalkwill1n@linkedin.com,Female,838-959-3839,Russia,4/28/1999
61,Skipton,Staines,sstaines1o@java.com,Male,382-868-5086,Philippines,8/21/2003
62,Lucas,Lowless,llowless1p@pcworld.com,Male,729-538-0068,France,5/18/1973
63,Elias,Curran,ecurran1q@nationalgeographic.com,Male,920-508-7140,Poland,11/24/2007
64,Toby,Bosse,tbosse1r@multiply.com,Male,316-420-6991,China,3/19/2021
65,Jamal,Menendes,jmenendes1s@vkontakte.ru,Male,310-971-3225,Ethiopia,2/14/1979
66,Homere,Robelet,hrobelet1t@domainmarket.com,Male,903-297-1352,Canada,9/21/1994
67,Celinda,Gairdner,cgairdner1u@nih.gov,Female,957-823-9700,Indonesia,3/15/2019
68,Gaspard,Parkyn,gparkyn1v@so-net.ne.jp,Male,998-497-3616,Luxembourg,11/4/2008
69,Nady,Vian,nvian1w@google.com.hk,Agender,935-187-5303,China,12/20/2022
70,Regen,Capineer,rcapineer1x@unc.edu,Male,763-984-1016,New Zealand,5/30/1986
71,Aldrich,Miskin,amiskin1y@uol.com.br,Male,411-179-1113,Indonesia,1/9/1999
72,Ana,Fearby,afearby1z@amazon.com,Female,722-896-0055,Russia,6/7/1992
73,Merlina,Tolliday,mtolliday20@google.co.uk,Female,282-688-3916,Philippines,3/8/1983
74,Sigvard,Occleshaw,soccleshaw21@vk.com,Male,360-253-6783,China,1/29/1985
75,Nessie,Slyford,nslyford22@amazon.de,Female,341-642-9453,United Kingdom,7/3/1974
76,Juliann,Jerrold,jjerrold23@blog.com,Female,573-235-5358,Netherlands,5/31/2001
77,Sayer,Kybbye,skybbye24@shutterfly.com,Male,348-406-3628,China,11/22/2011
78,Harri,Blooman,hblooman25@yandex.ru,Female,369-573-4613,Colombia,10/13/2015
79,Amelie,Pillifant,apillifant26@macromedia.com,Female,662-639-3355,China,10/14/1978
80,Sheffie,Wardrope,swardrope27@zdnet.com,Male,254-478-1584,Philippines,9/3/2010
81,Adella,Christophe,achristophe28@mapquest.com,Female,967-910-7769,Czech Republic,6/7/2005
82,Lazarus,Dowman,ldowman29@jimdo.com,Male,226-666-3126,Poland,12/30/1989
83,Robby,McCosker,rmccosker2a@un.org,Male,982-939-6939,Poland,9/13/2017
84,Winonah,Rowlinson,wrowlinson2b@oaic.gov.au,Female,429-520-1675,Philippines,4/9/2022
85,Trude,Dell 'Orto,tdellorto2c@blinklist.com,Female,526-490-2858,Vietnam,7/30/1984
86,Andris,Jeanenet,ajeanenet2d@mit.edu,Polygender,649-662-6705,France,1/14/1994
87,Twila,Leach,tleach2e@reddit.com,Female,432-731-4094,South Africa,3/16/2004
88,Rhetta,Bazley,rbazley2f@netscape.com,Female,939-687-6953,China,7/26/2000
89,Alison,Eldritt,aeldritt2g@weather.com,Genderfluid,580-214-7461,Iran,12/5/1995
90,Iggy,Gurnett,igurnett2h@cornell.edu,Male,230-635-0384,Philippines,4/1/2019
91,Filberte,Bengtsson,fbengtsson2i@bizjournals.com,Male,520-657-3471,Japan,8/31/1971
92,Row,Landell,rlandell2j@tripadvisor.com,Female,894-623-3840,Botswana,12/27/2006
93,Jan,Pochin,jpochin2k@sourceforge.net,Female,151-132-6746,Honduras,2/22/1991
94,Dallas,Olivella,dolivella2l@spotify.com,Non-binary,632-548-3445,Brazil,6/27/2002
95,Hildagarde,Malyj,hmalyj2m@moonfruit.com,Female,724-572-6739,Indonesia,4/26/2021
96,Trude,Aloshkin,taloshkin2n@un.org,Female,625-893-1385,Bulgaria,7/10/1992
97,Dallon,Sturley,dsturley2o@qq.com,Male,617-392-7179,Canada,3/3/2020
98,Adelaide,Gaitone,agaitone2p@webnode.com,Female,183-714-9005,Lithuania,7/5/2012
99,Petronilla,Hiddersley,phiddersley2q@nsw.gov.au,Female,204-165-1236,Saint Kitts and Nevis,8/30/2001
100,Rori,Strutton,rstrutton2r@apache.org,Bigender,933-606-0597,Sweden,1/4/2015
101,Alec,Adrian,aadrian2s@people.com.cn,Polygender,308-624-6336,Uruguay,10/22/2004
102,Dulcy,Dando,ddando2t@desdev.cn,Female,107-889-2749,Portugal,5/16/2024
103,Timmi,Lampens,tlampens2u@issuu.com,Female,850-623-6838,United States,4/5/2003
104,Taddeo,Winterborne,twinterborne2v@timesonline.co.uk,Male,804-341-2025,Sweden,6/12/2008
105,Caitrin,Coates,ccoates2w@hatena.ne.jp,Female,658-556-1178,Portugal,11/29/1988
106,Serena,Lugsdin,slugsdin2x@youtu.be,Female,456-484-5825,Greece,10/27/2007
107,Amalia,Glencrosche,aglencrosche2y@blog.com,Agender,570-684-8424,Nigeria,12/17/2013
108,Augusta,Spuffard,aspuffard2z@google.it,Female,704-784-8322,Argentina,9/27/1991
109,Danya,Heymes,dheymes30@thetimes.co.uk,Male,247-187-7129,Zambia,7/28/1998
110,Ethe,Gay,egay31@berkeley.edu,Male,136-870-8885,Philippines,12/2/1992
111,Marcia,Littlemore,mlittlemore32@pcworld.com,Female,368-164-5160,Russia,12/8/2012
112,Bryn,Etheredge,betheredge33@washingtonpost.com,Female,212-250-5713,Colombia,7/21/1993
113,Devondra,Lynch,dlynch34@yellowpages.com,Female,191-274-1232,China,7/22/1972
114,Adelind,Duggary,aduggary35@blog.com,Agender,896-448-1374,Greece,4/15/1978
115,Inglebert,Cullon,icullon36@indiegogo.com,Male,811-778-1713,Bulgaria,8/24/1978
116,Christophorus,Coombs,ccoombs37@bbb.org,Male,211-210-8278,Russia,7/20/1981
117,Avery,Brood,abrood38@lycos.com,Male,306-460-2831,Finland,8/7/2014
118,Trevar,Ladell,tladell39@mapquest.com,Male,658-242-5293,China,11/22/1971
119,Lynette,Luther,lluther3a@intel.com,Female,396-367-9292,Argentina,9/14/1977
120,Glen,Cockerton,gcockerton3b@paginegialle.it,Non-binary,822-514-1366,France,6/4/2005
121,Geoff,Rubinovitsch,grubinovitsch3c@twitter.com,Male,363-784-5818,China,3/12/1975
122,Dona,Breckon,dbreckon3d@google.com,Non-binary,974-951-8343,Indonesia,5/8/1975
123,Donny,Bower,dbower3e@slideshare.net,Male,700-785-0169,Indonesia,8/30/2014
124,Brittan,Guitte,bguitte3f@webnode.com,Female,170-736-0175,China,12/13/1971
125,Graehme,Haxby,ghaxby3g@japanpost.jp,Male,130-195-5570,France,8/24/1981
126,Jackie,Olivier,jolivier3h@xinhuanet.com,Female,915-658-0105,Russia,10/19/2011
127,Archibold,Libreros,alibreros3i@spiegel.de,Male,184-880-3651,China,3/10/1991
128,Catherina,Brantl,cbrantl3j@miitbeian.gov.cn,Female,272-362-2701,Poland,11/2/2022
129,Gabrila,Stares,gstares3k@amazon.co.jp,Female,848-992-1990,China,12/29/1985
130,Welby,Tendahl,wtendahl3l@cnbc.com,Genderfluid,616-919-7464,Samoa,7/28/2007
131,Elmore,Stockley,estockley3m@soundcloud.com,Male,524-622-4428,Philippines,8/27/1996
132,Angelico,Iwanicki,aiwanicki3n@flickr.com,Male,133-207-9178,China,4/6/2022
133,Constanta,Emer,cemer3o@icq.com,Female,191-315-1106,Malawi,9/22/1985
134,Harmony,Paradine,hparadine3p@cnn.com,Female,805-600-5322,Japan,12/8/2013
135,Laverne,Mathewes,lmathewes3q@marriott.com,Female,948-238-7286,Indonesia,3/1/2006
136,Rebecka,Sefton,rsefton3r@dmoz.org,Female,808-480-2993,Philippines,11/21/1989
137,Broderic,Blackburn,bblackburn3s@omniture.com,Genderqueer,325-864-4032,Pakistan,3/23/1997
138,Karlis,Rollason,krollason3t@unc.edu,Genderqueer,781-177-6544,Croatia,11/6/2013
139,Waverly,Danit,wdanit3u@huffingtonpost.com,Male,898-421-5190,Russia,4/28/2017
140,Wildon,Paye,wpaye3v@freewebs.com,Male,384-291-8834,Uruguay,5/19/2014
141,Gianni,Narramore,gnarramore3w@hibu.com,Male,784-850-9946,South Africa,10/8/2001
142,Cherye,Suffe,csuffe3x@microsoft.com,Female,770-539-1973,Armenia,6/25/1987
143,Kile,Brecknall,kbrecknall3y@disqus.com,Male,314-125-1187,Sweden,6/12/1973
144,Zeb,Loveman,zloveman3z@tripadvisor.com,Male,122-607-5084,Indonesia,6/22/1979
145,Ruthy,Hessel,rhessel40@tmall.com,Female,509-257-5870,Russia,12/11/2008
146,Shaw,Mullally,smullally41@photobucket.com,Male,435-329-4903,China,5/14/1991
147,Sibbie,Cansdall,scansdall42@abc.net.au,Agender,652-410-6762,Russia,1/4/1998
148,Margy,Marqyes,mmarqyes43@google.nl,Agender,679-933-9555,China,5/11/2018
149,Marketa,Yesinov,myesinov44@ox.ac.uk,Polygender,961-772-4941,Palestinian Territory,12/1/1986
150,Glenna,Driver,gdriver45@google.nl,Female,940-191-7903,Bolivia,12/27/1987
151,Aldous,Duignan,aduignan46@time.com,Bigender,964-249-5800,China,1/26/2008
152,Cathie,Casado,ccasado47@meetup.com,Female,487-858-1034,Pakistan,5/13/2007
153,Lanie,Swires,lswires48@cdbaby.com,Female,371-751-0038,France,8/19/1991
154,Boy,Fingleton,bfingleton49@spotify.com,Male,383-865-5080,Japan,7/8/1994
155,Raye,Senter,rsenter4a@businesswire.com,Female,695-106-2827,Moldova,11/23/1984
156,Shirleen,Huddle,shuddle4b@skype.com,Female,939-156-7810,China,8/12/1973
157,Teodor,Cooling,tcooling4c@vkontakte.ru,Male,257-159-4666,Portugal,3/24/2004
158,Sammy,Garlee,sgarlee4d@privacy.gov.au,Female,421-800-0704,Norway,6/15/2010
159,Ardys,Shayler,ashayler4e@unc.edu,Female,122-825-2223,Russia,11/6/2014
160,Laughton,Molyneaux,lmolyneaux4f@qq.com,Male,838-656-6484,Serbia,1/8/2022
161,Timmi,Parrish,tparrish4g@blog.com,Female,131-348-5450,Japan,12/8/2016
162,Shela,Drysdale,sdrysdale4h@sciencedaily.com,Female,940-602-5541,Mexico,11/6/2011
163,Ebenezer,Golder,egolder4i@miitbeian.gov.cn,Male,683-153-2880,Ukraine,8/19/1988
164,Minta,Maccari,mmaccari4j@nymag.com,Female,542-556-3893,Sweden,1/29/1998
165,Isabeau,Shepherdson,ishepherdson4k@tinypic.com,Female,687-671-2907,Belarus,6/24/1982
166,Paton,O'Dyvoie,podyvoie4l@ucsd.edu,Male,240-950-1320,Russia,10/3/1971
167,Torey,Frearson,tfrearson4m@reverbnation.com,Male,161-315-6627,Sierra Leone,2/13/2018
168,Quinn,Allwood,qallwood4n@archive.org,Male,323-526-2644,Indonesia,9/2/1972
169,Janel,Moland,jmoland4o@google.it,Agender,644-900-5730,China,4/2/2005
170,Townie,Laborda,tlaborda4p@senate.gov,Male,730-667-7388,Cameroon,4/3/1973
171,Reginauld,Kale,rkale4q@t-online.de,Male,264-127-2565,Colombia,1/30/2014
172,Germain,MacKall,gmackall4r@geocities.jp,Female,350-687-9637,China,10/14/1988
173,Cam,Keller,ckeller4s@java.com,Male,120-585-0558,Russia,5/20/1989
174,Anthea,Klimsch,aklimsch4t@marriott.com,Female,326-864-8122,China,12/21/1999
175,Allianora,Delmonti,adelmonti4u@upenn.edu,Female,938-551-8538,China,12/2/1990
176,Hymie,Daviddi,hdaviddi4v@qq.com,Male,301-395-7880,China,9/18/1991
177,Hans,Abrahamian,habrahamian4w@twitpic.com,Male,808-546-2772,Greece,4/24/2022
178,Thibaut,Sink,tsink4x@woothemes.com,Male,158-240-2205,China,12/6/2018
179,Michelle,Alleburton,malleburton4y@google.com,Female,859-911-7811,China,5/27/2002
180,Estele,Sykes,esykes4z@liveinternet.ru,Female,785-710-7429,Mexico,5/5/1998
181,Rolph,Whitmore,rwhitmore50@fc2.com,Male,339-746-8124,Latvia,4/19/1995
182,Giffard,Feenan,gfeenan51@odnoklassniki.ru,Male,341-565-6018,China,7/17/1989
183,Gabbey,Stote,gstote52@springer.com,Female,586-194-0823,Sweden,11/26/1999
184,Gil,Newling,gnewling53@howstuffworks.com,Male,918-657-6561,Canada,8/21/2010
185,Evered,Lawdham,elawdham54@yandex.ru,Male,873-329-0158,Portugal,5/11/1980
186,Wildon,Saice,wsaice55@51.la,Bigender,642-352-1268,Syria,8/21/2019
187,Elset,Flagg,eflagg56@1688.com,Female,485-697-9729,Indonesia,12/6/1971
188,Amy,Scolli,ascolli57@ted.com,Female,449-144-6770,Colombia,10/7/2004
189,Ronnie,Bettley,rbettley58@amazonaws.com,Male,611-367-7726,South Africa,3/25/2000
190,Candace,Smittoune,csmittoune59@tuttocitta.it,Female,354-801-9535,Cambodia,9/23/2002
191,Bonita,Patkin,bpatkin5a@bloglovin.com,Female,350-294-9374,Haiti,9/28/2021
192,Karla,Bernardeschi,kbernardeschi5b@alexa.com,Female,922-922-8116,Indonesia,5/18/1994
193,Dollie,McCormack,dmccormack5c@discuz.net,Female,326-121-3590,Indonesia,9/30/1995
194,Porter,Geaveny,pgeaveny5d@ask.com,Male,239-362-3143,Philippines,1/16/1977
195,Rey,De Angelo,rdeangelo5e@bloomberg.com,Male,568-198-1432,Uganda,9/29/2007
196,Conan,Parminter,cparminter5f@bandcamp.com,Male,547-456-3541,Russia,1/20/2009
197,Stevena,Ludgrove,sludgrove5g@deviantart.com,Female,648-803-5669,Cuba,7/26/2014
198,Steward,Wheowall,swheowall5h@fc2.com,Male,899-756-7859,Czech Republic,4/27/2014
199,Elsie,Manders,emanders5i@dagondesign.com,Female,518-132-8818,Indonesia,3/4/1981
200,Arthur,Jaze,ajaze5j@cdbaby.com,Male,521-458-1905,Peru,11/19/1975
201,Christal,Brigginshaw,cbrigginshaw5k@amazon.co.uk,Female,954-646-6858,China,9/24/1995
202,Wakefield,Brigden,wbrigden5l@twitpic.com,Male,320-998-0624,Peru,3/12/1995
203,Felicio,Disman,fdisman5m@nasa.gov,Male,349-237-8480,Russia,4/15/2016
204,Zebulon,Whetnell,zwhetnell5n@gnu.org,Male,967-545-8127,Mexico,12/10/1976
205,Mervin,Jaukovic,mjaukovic5o@pagesperso-orange.fr,Male,739-205-1598,Czech Republic,3/25/1973
206,Anthony,Matkovic,amatkovic5p@e-recht24.de,Male,933-878-9607,Russia,10/7/1975
207,Dix,Grouvel,dgrouvel5q@etsy.com,Female,789-249-6714,Indonesia,10/2/1993
208,Timothee,Gooms,tgooms5r@ucoz.com,Male,215-340-3303,Russia,8/10/2023
209,Jorry,Juares,jjuares5s@com.com,Female,652-464-8490,Russia,1/8/1987
210,Moise,Vidloc,mvidloc5t@uiuc.edu,Male,130-893-2831,Indonesia,8/29/1973
211,Buffy,Sumsion,bsumsion5u@narod.ru,Female,224-526-3275,Colombia,9/1/1999
212,Maggy,McCluskey,mmccluskey5v@umn.edu,Female,673-688-9669,Jordan,11/19/1975
213,Lee,Petty,lpetty5w@gov.uk,Male,504-195-3456,Indonesia,4/8/1999
214,Rodrigo,Bierling,rbierling5x@jugem.jp,Male,894-325-9832,Poland,11/30/2007
215,Ronica,Matchett,rmatchett5y@themeforest.net,Agender,547-720-5298,Indonesia,5/4/1981
216,Chrysa,Trethewey,ctrethewey5z@dyndns.org,Female,254-976-4569,China,11/15/2013
217,Iorgos,Davidowsky,idavidowsky60@github.io,Agender,742-707-3087,France,8/15/1975
218,Travis,Hawkeswood,thawkeswood61@example.com,Male,412-354-6008,Indonesia,10/11/1998
219,Rosabel,Gianninotti,rgianninotti62@google.ru,Female,503-492-3176,Pakistan,3/20/2006
220,Andria,Killerby,akillerby63@storify.com,Female,561-804-3019,China,3/9/1980
221,Denni,Richardes,drichardes64@accuweather.com,Female,812-260-4125,United States,10/11/1972
222,Cobbie,Cajkler,ccajkler65@nih.gov,Polygender,713-336-5523,Argentina,3/3/2002
223,Egon,Heggman,eheggman66@goo.gl,Male,387-549-0779,Indonesia,10/4/2003
224,Johny,Minnis,jminnis67@seesaa.net,Genderqueer,147-418-1887,Portugal,1/6/1986
225,Kippie,Bax,kbax68@huffingtonpost.com,Male,564-407-6698,Brazil,6/2/1991
226,Olwen,Kropach,okropach69@virginia.edu,Female,502-655-6238,Indonesia,11/3/1983
227,Carlina,Hargreave,chargreave6a@nbcnews.com,Female,641-640-6509,France,6/14/2006
228,Jervis,Ketts,jketts6b@yolasite.com,Bigender,296-681-7450,Spain,5/3/1973
229,Ilise,McClaurie,imcclaurie6c@exblog.jp,Genderqueer,128-855-8960,Georgia,8/27/1991
230,Lyn,Jimenez,ljimenez6d@boston.com,Female,586-186-1855,China,6/23/2024
231,Darice,Rycraft,drycraft6e@e-recht24.de,Female,470-871-3403,Philippines,1/30/2020
232,Rupert,Epgrave,repgrave6f@psu.edu,Male,953-921-4894,Portugal,3/30/1989
233,Cyndie,Chatto,cchatto6g@indiegogo.com,Female,186-550-9282,China,8/18/1996
234,Klement,Richardson,krichardson6h@theglobeandmail.com,Agender,546-248-7402,Brazil,4/21/2013
235,Flynn,Givens,fgivens6i@newyorker.com,Male,742-478-6982,Greece,6/23/2019
236,Rowland,Demke,rdemke6j@diigo.com,Male,852-156-9850,China,6/14/1992
237,Brnaba,Girton,bgirton6k@biblegateway.com,Polygender,985-780-8536,Morocco,8/28/2001
238,Curr,Goede,cgoede6l@comcast.net,Male,124-156-5181,Russia,4/11/1995
239,Darrin,O'Longain,dolongain6m@hud.gov,Male,611-977-1881,Portugal,12/7/1985
240,Siegfried,Kesper,skesper6n@php.net,Male,524-974-7851,Venezuela,7/22/1988
241,Rudiger,Maffy,rmaffy6o@lycos.com,Male,318-940-0047,Bangladesh,1/2/1997
242,Prentiss,Harmon,pharmon6p@prlog.org,Male,877-193-2733,China,1/5/2004
243,Abraham,Prime,aprime6q@github.io,Male,891-571-8773,Czech Republic,7/7/2012
244,Corbin,Pickering,cpickering6r@themeforest.net,Male,659-273-7515,Macedonia,8/8/1988
245,Micky,Maun,mmaun6s@latimes.com,Male,888-175-4155,Canada,5/10/1971
246,Si,Flatley,sflatley6t@independent.co.uk,Male,987-892-6120,China,12/9/2004
247,Zollie,Charette,zcharette6u@nasa.gov,Male,504-353-4995,China,3/25/1990
248,Koenraad,Lievesley,klievesley6v@bravesites.com,Male,443-221-2378,Portugal,12/1/1992
249,Carmela,Titterington,ctitterington6w@github.com,Agender,162-341-3908,Philippines,8/22/1988
250,Ariadne,Trickett,atrickett6x@ustream.tv,Female,318-130-7058,Sweden,11/26/2022
251,Arlene,Gethings,agethings6y@infoseek.co.jp,Female,815-501-1702,Russia,9/1/1975
252,Willabella,Aleshintsev,waleshintsev6z@tinyurl.com,Female,544-276-2646,Israel,6/20/2012
253,Aurlie,Firebrace,afirebrace70@telegraph.co.uk,Female,353-657-8567,Philippines,4/27/1981
254,Ophelie,Crew,ocrew71@si.edu,Female,753-108-0741,Estonia,3/4/1973
255,Amandy,Wickey,awickey72@state.gov,Female,793-909-8517,Czech Republic,8/13/1993
256,Mabelle,Martino,mmartino73@spotify.com,Female,935-184-4056,Brazil,7/22/2000
257,Vyky,O'Teague,voteague74@acquirethisname.com,Agender,651-765-0840,Indonesia,7/15/1996
258,Jammie,Gillcrist,jgillcrist75@taobao.com,Genderqueer,318-975-4008,Sweden,12/17/1991
259,Cesar,Everist,ceverist76@vistaprint.com,Male,466-149-7304,Jordan,6/11/2011
260,Donni,Deason,ddeason77@census.gov,Polygender,810-356-7396,Russia,11/24/1999
261,Darill,Mertgen,dmertgen78@aol.com,Male,320-749-4948,Indonesia,5/13/1997
262,Kylie,Abella,kabella79@tiny.cc,Male,667-542-2140,Indonesia,7/3/1997
263,Conchita,Rendle,crendle7a@washingtonpost.com,Female,966-851-8956,France,7/11/2006
264,Sharia,Ruperto,sruperto7b@cafepress.com,Female,667-767-4162,China,11/11/2002
265,Dalila,Crump,dcrump7c@deliciousdays.com,Female,766-409-1678,Philippines,8/4/1988
266,Solomon,Monahan,smonahan7d@weather.com,Male,383-636-7776,Portugal,5/13/1998
267,Margery,Cobby,mcobby7e@blinklist.com,Female,608-660-0251,Nigeria,9/26/1983
268,Petronilla,Caddie,pcaddie7f@unesco.org,Female,282-566-3087,Guatemala,10/7/2004
269,Diannne,Skacel,dskacel7g@opera.com,Female,375-980-0008,Afghanistan,2/23/1990
270,Evangelin,Shoulder,eshoulder7h@google.cn,Female,542-951-4499,China,7/31/2010
271,Chic,Bascombe,cbascombe7i@booking.com,Male,896-810-3644,Guatemala,7/2/1974
272,Dollie,Seifert,dseifert7j@themeforest.net,Female,626-534-5856,United States,10/1/1999
273,Chaim,Gossington,cgossington7k@japanpost.jp,Male,600-226-3075,Indonesia,10/23/1971
274,Uta,Drewes,udrewes7l@dion.ne.jp,Polygender,587-913-4810,France,1/10/1982
275,Israel,Walewicz,iwalewicz7m@bloglines.com,Male,371-786-4810,China,5/20/2016
276,Berni,Chasmar,bchasmar7n@psu.edu,Female,927-249-6475,Poland,2/2/1978
277,Flore,Willoughby,fwilloughby7o@mozilla.com,Female,604-291-3742,China,2/1/2025
278,Hewitt,Kordova,hkordova7p@oaic.gov.au,Male,200-265-1226,Russia,3/7/2002
279,Hymie,Wildish,hwildish7q@weather.com,Male,498-159-1262,Greece,8/24/2001
280,Jenn,Bastow,jbastow7r@state.tx.us,Female,839-200-1729,Russia,12/22/2005
281,Ambrose,Dunk,adunk7s@archive.org,Male,354-211-2093,French Guiana,8/15/1993
282,John,Wormald,jwormald7t@devhub.com,Male,284-974-3407,Indonesia,10/8/1998
283,Nadya,Popland,npopland7u@multiply.com,Female,552-144-9283,Russia,6/4/2003
284,Kay,Moogan,kmoogan7v@nasa.gov,Female,616-319-0252,Denmark,7/26/1997
285,Cathy,Foulgham,cfoulgham7w@pbs.org,Female,704-214-6966,Philippines,3/10/1980
286,Brittney,Grimditch,bgrimditch7x@netvibes.com,Female,161-867-5638,Philippines,5/1/2014
287,Boyd,Becom,bbecom7y@buzzfeed.com,Male,380-295-4870,Greece,3/2/2016
288,Kristos,Ioselev,kioselev7z@hatena.ne.jp,Male,299-605-6928,Russia,12/2/1995
289,Hedvig,Barling,hbarling80@studiopress.com,Genderqueer,230-989-2728,Brazil,9/8/1980
290,Micheal,Hawtin,mhawtin81@ycombinator.com,Male,476-624-0621,Philippines,9/6/1995
291,Therese,Gurney,tgurney82@ow.ly,Female,572-533-0703,Ireland,8/17/2019
292,Derron,Tavner,dtavner83@homestead.com,Male,151-128-3964,Sweden,6/10/1991
293,Lexie,Brady,lbrady84@youtu.be,Female,563-600-0572,China,6/5/1978
294,Kory,Smale,ksmale85@deliciousdays.com,Male,101-440-3555,France,5/16/1976
295,Rosamond,Pendleberry,rpendleberry86@ed.gov,Female,561-831-1114,Ecuador,6/10/2008
296,Bridget,Freiburger,bfreiburger87@census.gov,Female,986-576-1743,Indonesia,7/26/2021
297,Marten,Skirvin,mskirvin88@godaddy.com,Male,998-910-6621,France,1/26/1975
298,Aarika,Ronchetti,aronchetti89@oracle.com,Female,372-223-4500,Czech Republic,3/6/2021
299,Almeta,Gronow,agronow8a@wordpress.com,Female,909-436-2144,Syria,11/13/1995
300,Olly,Jimmes,ojimmes8b@freewebs.com,Female,187-595-6255,Serbia,2/6/2022
301,Haskell,Bodicum,hbodicum8c@so-net.ne.jp,Male,729-908-8235,Indonesia,12/29/2022
302,Sela,Fossett,sfossett8d@npr.org,Female,198-293-1631,South Africa,4/1/2023
303,Lydon,O'Haire,lohaire8e@acquirethisname.com,Male,390-361-8029,China,1/11/1980
304,Norina,Rutigliano,nrutigliano8f@slate.com,Female,812-878-9992,China,5/1/1975
305,Hildagarde,Farnall,hfarnall8g@bloomberg.com,Female,576-436-1487,Kiribati,4/12/2003
306,Bonnie,Marsie,bmarsie8h@bbc.co.uk,Female,481-447-9619,Sweden,10/6/2007
307,Walther,Calyton,wcalyton8i@wsj.com,Male,792-234-6920,Serbia,1/28/1978
308,Franchot,Enrich,fenrich8j@census.gov,Male,438-544-1934,Tanzania,2/25/1984
309,Brigitta,Clericoates,bclericoates8k@businesswire.com,Female,875-159-7038,Philippines,9/23/1988
310,Harlen,Trever,htrever8l@businessweek.com,Male,422-815-1943,Croatia,2/23/2020
311,Marie,Lugg,mlugg8m@yandex.ru,Genderfluid,243-563-4663,Brazil,11/13/2022
312,Dore,Chadbourne,dchadbourne8n@squidoo.com,Male,447-782-2459,Venezuela,1/26/2006
313,Cece,Connew,cconnew8o@google.co.jp,Male,803-251-6885,Portugal,6/9/2020
314,Ned,Di Lucia,ndilucia8p@cloudflare.com,Male,619-553-2384,Costa Rica,2/15/2002
315,Britta,Phripp,bphripp8q@yahoo.co.jp,Female,791-577-8482,China,8/22/1987
316,Farley,Crosdill,fcrosdill8r@toplist.cz,Male,705-436-2350,Philippines,2/24/1981
317,Ivett,Copcott,icopcott8s@wp.com,Female,518-497-8076,"Bonaire, Saint Eustatius and Saba ",10/22/1995
318,Laura,Sleite,lsleite8t@gmpg.org,Bigender,980-420-3878,South Africa,10/15/2015
319,Donnie,Bunnell,dbunnell8u@mayoclinic.com,Female,950-224-1543,China,3/4/2019
320,Luci,Huyghe,lhuyghe8v@bloomberg.com,Female,183-852-5649,Brazil,3/2/1980
321,Binnie,Eaddy,beaddy8w@guardian.co.uk,Female,344-156-6656,Russia,1/11/1999
322,Mollie,Rowaszkiewicz,mrowaszkiewicz8x@phpbb.com,Female,510-599-8639,Bangladesh,12/2/1999
323,Nananne,Simunek,nsimunek8y@weebly.com,Female,565-616-2472,China,11/13/1990
324,Shayla,Hulls,shulls8z@infoseek.co.jp,Female,697-398-0974,Sweden,7/28/1973
325,Janifer,Bellham,jbellham90@yellowpages.com,Female,769-702-7252,Brazil,11/13/1985
326,Stanislaw,Bougen,sbougen91@live.com,Male,181-916-8754,China,4/9/1978
327,Alford,Kentish,akentish92@nytimes.com,Genderqueer,182-381-2900,Poland,2/2/1982
328,Loise,Stollberg,lstollberg93@miitbeian.gov.cn,Female,171-705-6013,Sweden,10/14/2018
329,Hart,Keating,hkeating94@mediafire.com,Male,299-552-4332,Philippines,7/25/1992
330,Alyss,Lewinton,alewinton95@indiegogo.com,Female,139-943-1678,Greece,4/12/2007
331,Sax,Ghilardini,sghilardini96@google.co.jp,Non-binary,493-501-7909,Ukraine,6/28/2004
332,Iseabal,Cassy,icassy97@altervista.org,Female,800-526-2200,Russia,8/20/1986
333,Gardie,Swannell,gswannell98@angelfire.com,Male,821-408-2337,China,11/18/1983
334,Armand,Yushachkov,ayushachkov99@unicef.org,Male,254-949-7497,United States,11/4/1981
335,Hugh,Felder,hfelder9a@wikispaces.com,Male,776-181-2978,Philippines,1/18/2022
336,Guntar,Jerson,gjerson9b@csmonitor.com,Male,214-121-3201,Armenia,2/22/1982
337,Rhodie,Rowthorn,rrowthorn9c@sina.com.cn,Female,595-322-1623,Indonesia,9/24/1978
338,Mack,Bradwell,mbradwell9d@clickbank.net,Male,776-870-8290,China,5/29/1977
339,Linette,Kilmurray,lkilmurray9e@psu.edu,Female,849-750-9953,Portugal,10/26/2004
340,Trent,Sheers,tsheers9f@wp.com,Male,383-961-3617,Cyprus,9/28/1974
341,Killy,Reuven,kreuven9g@multiply.com,Male,423-290-9630,Russia,12/6/2001
342,Ase,Conyard,aconyard9h@aol.com,Male,275-151-7156,Afghanistan,2/6/1971
343,Alberik,Rudgerd,arudgerd9i@reference.com,Male,532-474-5247,Brazil,10/18/2023
344,Pauly,Faichnie,pfaichnie9j@cnet.com,Male,971-823-4331,Ukraine,11/9/1977
345,Milicent,Eglin,meglin9k@dropbox.com,Genderqueer,793-389-6724,Indonesia,6/19/1990
346,Mark,Burnie,mburnie9l@wikispaces.com,Male,917-730-9747,Palestinian Territory,8/27/2012
347,Millard,Hincham,mhincham9m@dot.gov,Genderqueer,833-553-4206,Colombia,3/17/2011
348,Ada,Chapiro,achapiro9n@altervista.org,Genderfluid,454-424-0789,Dominican Republic,9/7/2014
349,Raul,Bilton,rbilton9o@1688.com,Male,377-864-3782,China,5/22/2022
350,Chantalle,Collum,ccollum9p@berkeley.edu,Female,905-823-6169,Indonesia,2/7/1998
351,Rosmunda,Anthonies,ranthonies9q@go.com,Female,146-457-8496,Bosnia and Herzegovina,2/5/2023
352,Lina,Kitchinham,lkitchinham9r@privacy.gov.au,Female,891-256-9081,China,1/2/1972
353,Maia,Butland,mbutland9s@posterous.com,Female,265-480-4063,Guatemala,8/18/1985
354,Mickie,Jearum,mjearum9t@hibu.com,Male,121-756-5312,Indonesia,11/22/1994
355,Francesca,Stocken,fstocken9u@seesaa.net,Female,531-373-7902,Indonesia,2/1/2017
356,Matthus,Rastall,mrastall9v@newsvine.com,Male,603-332-7304,China,7/22/1992
357,Griffith,Brandham,gbrandham9w@hibu.com,Male,441-150-2978,Portugal,11/14/2014
358,Shaina,Coghlin,scoghlin9x@buzzfeed.com,Non-binary,613-503-3423,France,12/14/2013
359,Bruis,Cotelard,bcotelard9y@deviantart.com,Male,435-962-2265,Colombia,12/20/1995
360,Mirabella,Gritten,mgritten9z@comcast.net,Genderqueer,781-723-3539,Russia,1/15/1996
361,Marylou,Paffett,mpaffetta0@huffingtonpost.com,Bigender,780-342-0150,France,12/17/1991
362,Sheila-kathryn,Pettegre,spettegrea1@stanford.edu,Female,656-147-0115,China,2/17/1976
363,Cleon,Michurin,cmichurina2@studiopress.com,Male,447-336-2929,Philippines,6/28/1976
364,Bill,Barthram,bbarthrama3@1688.com,Female,442-421-8480,Indonesia,1/2/2011
365,Breanne,Hadigate,bhadigatea4@jigsy.com,Female,339-422-8856,France,11/9/1987
366,Welbie,Waber,wwabera5@opera.com,Male,925-848-7748,Zambia,9/29/1972
367,Adore,Leuren,aleurena6@tmall.com,Female,524-798-9306,China,2/2/1994
368,Lonny,Le-Good,llegooda7@amazon.com,Male,919-701-1120,Tanzania,8/2/2003
369,Barris,Skewes,bskewesa8@wp.com,Genderqueer,238-190-8843,Philippines,12/7/2016
370,Lillis,Bolino,lbolinoa9@amazon.com,Female,209-411-3640,China,9/11/1987
371,Dalia,Ferrara,dferraraaa@dagondesign.com,Female,698-881-7926,Indonesia,11/21/1985
372,Andriette,Brookshaw,abrookshawab@jimdo.com,Female,483-107-7821,Indonesia,10/28/1979
373,Padgett,Coryndon,pcoryndonac@buzzfeed.com,Male,243-128-8531,China,7/19/2025
374,Catherin,Kippie,ckippiead@163.com,Female,909-786-6926,China,5/6/2023
375,Mandie,Bogey,mbogeyae@hexun.com,Female,162-967-4570,China,5/25/1987
376,Giusto,Creffeild,gcreffeildaf@marriott.com,Male,665-267-5919,Canada,7/12/2010
377,Cary,Volke,cvolkeag@nbcnews.com,Male,220-227-4956,Indonesia,6/23/1981
378,Nelson,Dyment,ndymentah@reference.com,Male,456-382-5591,Czech Republic,6/1/1991
379,Isahella,Jeff,ijeffai@homestead.com,Female,822-184-4101,Russia,10/30/1980
380,Skipper,Inglish,singlishaj@themeforest.net,Male,671-438-3329,Finland,5/20/1976
381,Violante,Marris,vmarrisak@histats.com,Female,168-221-2542,Poland,12/16/2013
382,Lyell,Woodyeare,lwoodyeareal@spotify.com,Male,546-219-7372,Venezuela,2/13/1996
383,Elisha,Dreus,edreusam@dedecms.com,Male,655-293-4442,Croatia,9/12/2017
384,Robinette,Capun,rcapunan@netvibes.com,Female,185-948-2731,Indonesia,7/30/2020
385,Susette,Frizzell,sfrizzellao@webs.com,Female,466-323-1925,Portugal,5/9/2016
386,Bartlet,Sizland,bsizlandap@dedecms.com,Male,374-486-7055,Palestinian Territory,9/30/1977
387,Eve,Camilli,ecamilliaq@oracle.com,Agender,780-499-0287,Indonesia,12/24/2012
388,Brose,Wathall,bwathallar@wufoo.com,Male,588-702-7339,Indonesia,11/28/2014
389,Arny,Jarad,ajaradas@angelfire.com,Male,146-951-4778,Indonesia,1/27/1992
390,Cordy,Mathon,cmathonat@answers.com,Female,726-355-8741,France,10/11/2015
391,Sky,Ladlow,sladlowau@alibaba.com,Non-binary,946-886-6994,Indonesia,10/14/2022
392,Reinwald,Piggin,rpigginav@house.gov,Male,604-615-1771,Argentina,8/25/1991
393,Shelley,Piner,spineraw@ustream.tv,Polygender,237-628-2066,Philippines,5/17/2018
394,Marsh,Pavolini,mpavoliniax@icio.us,Male,519-386-9899,Sierra Leone,3/24/2005
395,Janice,Vick,jvickay@java.com,Female,913-401-7032,United States,4/10/1985
396,Reggie,Gasker,rgaskeraz@studiopress.com,Male,367-470-1728,Portugal,2/24/1998
397,Hugh,Benasik,hbenasikb0@topsy.com,Male,339-103-8084,Canada,12/1/1970
398,Gnni,Barrat,gbarratb1@google.de,Female,936-787-6422,Peru,3/17/2016
399,Kacy,Scamal,kscamalb2@weibo.com,Female,500-571-4297,Venezuela,11/13/2009
400,Alameda,Zamorrano,azamorranob3@geocities.com,Female,146-329-6645,France,8/24/2024
401,Elden,Bullcock,ebullcockb4@desdev.cn,Agender,544-464-0579,Thailand,6/4/2011
402,Brunhilda,Drury,bdruryb5@gnu.org,Female,252-464-3667,China,7/29/1990
403,Jourdain,Ducastel,jducastelb6@infoseek.co.jp,Male,195-868-9607,China,9/9/2005
404,Napoleon,Gainforth,ngainforthb7@wikipedia.org,Male,803-962-7372,China,11/18/1970
405,Jessie,Sunner,jsunnerb8@list-manage.com,Female,833-803-1264,China,4/14/1980
406,Angus,Sorey,asoreyb9@netlog.com,Male,868-448-9794,China,1/19/1987
407,Granthem,Brunelli,gbrunelliba@telegraph.co.uk,Agender,412-906-7575,Indonesia,1/26/2018
408,Skyler,Gummery,sgummerybb@slashdot.org,Male,733-118-5799,Iraq,3/27/1976
409,Audry,McGairl,amcgairlbc@gizmodo.com,Female,366-609-5203,China,3/12/2003
410,Mariele,Clausewitz,mclausewitzbd@mashable.com,Female,817-384-4668,Afghanistan,1/10/2020
411,Faun,Lukas,flukasbe@linkedin.com,Female,893-953-7617,France,6/12/1977
412,Igor,De Carteret,idecarteretbf@joomla.org,Male,695-439-4839,Japan,3/31/2017
413,Eugene,Whitlock,ewhitlockbg@live.com,Male,482-890-0809,Brazil,6/20/2004
414,Nicolis,Ellen,nellenbh@whitehouse.gov,Male,436-572-1287,Czech Republic,7/15/2011
415,Gabrila,Standish,gstandishbi@wp.com,Female,212-762-2740,Philippines,8/2/1971
416,Gino,Puddefoot,gpuddefootbj@odnoklassniki.ru,Male,422-842-9388,China,4/12/2005
417,Annora,Soaper,asoaperbk@jalbum.net,Female,790-660-0956,Indonesia,11/21/1986
418,Moe,Kilmister,mkilmisterbl@independent.co.uk,Male,225-789-1713,China,8/18/1996
419,Gilligan,Megroff,gmegroffbm@yahoo.co.jp,Female,180-230-8666,Russia,3/18/1989
420,Janenna,Dewdney,jdewdneybn@blogtalkradio.com,Female,461-129-2463,Russia,1/12/2001
421,Austin,Perrinchief,aperrinchiefbo@house.gov,Female,287-523-0482,Tanzania,9/12/1994
422,Romola,Slyde,rslydebp@bbb.org,Female,759-516-9306,China,11/20/1976
423,Chancey,Mingardi,cmingardibq@1und1.de,Male,301-152-6428,Indonesia,10/14/2019
424,Ivar,Dacca,idaccabr@simplemachines.org,Male,215-251-8259,Indonesia,3/5/2009
425,Lavinie,Lube,llubebs@nydailynews.com,Female,704-533-2656,United States,1/2/2010
426,Rock,McLaine,rmclainebt@shop-pro.jp,Male,683-563-1192,Russia,10/23/1991
427,Yard,Domino,ydominobu@so-net.ne.jp,Male,911-756-9113,Armenia,8/28/1991
428,Roseann,Hiom,rhiombv@china.com.cn,Female,362-179-6589,Portugal,6/24/2020
429,Carrie,Gaskins,cgaskinsbw@newsvine.com,Female,700-271-9977,Russia,8/27/2021
430,Kordula,Kolakovic,kkolakovicbx@whitehouse.gov,Non-binary,360-685-7729,Thailand,6/13/1980
431,Valli,Galway,vgalwayby@mac.com,Female,535-600-7813,France,9/26/2024
432,Wilden,Barrand,wbarrandbz@engadget.com,Male,455-360-5561,Vietnam,2/26/2003
433,Rozele,Standall,rstandallc0@eventbrite.com,Female,925-686-7811,Benin,11/25/2011
434,Lusa,Weatherhill,lweatherhillc1@hubpages.com,Female,669-386-1875,China,2/24/1981
435,Nance,Felce,nfelcec2@sohu.com,Female,460-852-4027,Kazakhstan,4/29/1993
436,Elsworth,Dudson,edudsonc3@discovery.com,Male,522-494-1454,Portugal,9/18/1989
437,Merrill,Chivers,mchiversc4@networkadvertising.org,Female,247-959-1336,Indonesia,10/5/2006
438,Orbadiah,Mummery,omummeryc5@cisco.com,Male,342-166-6684,Czech Republic,2/6/2014
439,Kalila,Camin,kcaminc6@google.es,Female,743-949-8554,Russia,8/23/2019
440,Dunstan,Rudram,drudramc7@people.com.cn,Male,559-801-3510,China,7/3/1975
441,Tiebold,Duckering,tduckeringc8@cisco.com,Male,435-397-3554,France,1/23/2002
442,Luise,Curado,lcuradoc9@cargocollective.com,Female,695-239-1366,Nigeria,5/30/1980
443,Edythe,Edmett,eedmettca@gmpg.org,Female,144-899-0403,Ukraine,7/19/1976
444,Anna,McMarquis,amcmarquiscb@weather.com,Female,898-198-3131,Portugal,1/12/1982
445,Akim,Edworthye,aedworthyecc@japanpost.jp,Male,230-560-2228,France,7/7/2018
446,Noak,Farnall,nfarnallcd@vistaprint.com,Male,197-627-7571,Indonesia,4/28/1981
447,Osborne,Varah,ovarahce@soup.io,Agender,473-928-7871,China,2/25/2001
448,Griffy,Cantrell,gcantrellcf@usatoday.com,Male,744-301-1488,Tajikistan,1/8/2000
449,Stephi,Whitehall,swhitehallcg@yolasite.com,Female,942-176-1199,Tanzania,12/12/2005
450,Ernesta,Worsham,eworshamch@si.edu,Female,120-498-8903,South Africa,10/29/1993
451,Jonathon,Disman,jdismanci@clickbank.net,Male,853-430-3865,Ireland,9/21/2024
452,Thaine,Barnshaw,tbarnshawcj@tumblr.com,Male,238-487-3210,Poland,5/16/1998
453,Harp,Gogan,hgoganck@deliciousdays.com,Male,398-491-0666,Mexico,10/27/1998
454,Winonah,Iwanowicz,wiwanowiczcl@redcross.org,Female,983-586-5823,Sweden,8/14/1974
455,Massimo,MacHarg,mmachargcm@ameblo.jp,Male,916-297-7677,Israel,7/18/1993
456,Tedie,Cuphus,tcuphuscn@mapy.cz,Male,568-339-3774,Kazakhstan,4/28/2022
457,Selig,Gall,sgallco@etsy.com,Male,635-321-1842,Portugal,8/2/1986
458,Arnie,Coniff,aconiffcp@exblog.jp,Male,336-110-2905,Indonesia,8/12/1995
459,Trace,Pilger,tpilgercq@fastcompany.com,Male,984-562-5505,Colombia,8/13/1974
460,Dannie,Bancroft,dbancroftcr@360.cn,Female,981-800-3218,China,6/2/1995
461,Consalve,McCay,cmccaycs@vimeo.com,Male,556-950-0805,United Kingdom,4/22/2008
462,Genny,Turmell,gturmellct@t-online.de,Female,284-961-0401,China,12/31/1981
463,Bren,Fielder,bfieldercu@fc2.com,Male,841-503-9051,Brazil,4/24/2018
464,Clare,Wiffler,cwifflercv@blogspot.com,Male,403-711-0657,China,1/8/2005
465,Kelbee,Shreeves,kshreevescw@ezinearticles.com,Male,954-387-4909,Morocco,6/13/1986
466,Catharine,Crowe,ccrowecx@hud.gov,Female,111-714-9145,Portugal,3/14/1995
467,Mina,Newiss,mnewisscy@ow.ly,Female,541-615-5261,Brazil,12/23/2023
468,Lorita,Dutnall,ldutnallcz@wufoo.com,Female,352-395-0130,Indonesia,1/7/1983
469,Laurena,Jeanin,ljeanind0@surveymonkey.com,Female,622-138-8632,Philippines,10/29/2020
470,Edwina,Harfoot,eharfootd1@ebay.co.uk,Female,544-927-0101,Greece,5/30/2014
471,Martino,Fyall,mfyalld2@google.com.hk,Male,942-891-4490,Indonesia,6/7/2003
472,Micheline,Dismore,mdismored3@japanpost.jp,Female,803-404-8207,Philippines,5/9/2003
473,Sydel,Grebbin,sgrebbind4@jugem.jp,Female,970-798-6864,Afghanistan,12/21/2018
474,Brien,Proback,bprobackd5@answers.com,Male,336-109-7296,Madagascar,9/30/2012
475,Oberon,Saddleton,osaddletond6@feedburner.com,Male,850-323-0375,United States,11/10/1995
476,Sheffield,Emburey,sembureyd7@plala.or.jp,Polygender,907-457-7973,China,3/4/2010
477,Anestassia,Gwinn,agwinnd8@ifeng.com,Female,680-887-6949,Russia,4/1/1984
478,Michele,Timmons,mtimmonsd9@ebay.co.uk,Male,919-432-3184,Colombia,5/10/2018
479,Norman,Rijkeseis,nrijkeseisda@bandcamp.com,Genderfluid,763-618-9934,Ghana,11/27/1997
480,Alasteir,Escale,aescaledb@prlog.org,Male,969-232-4019,China,2/25/2008
481,Geordie,Friar,gfriardc@samsung.com,Male,183-885-8122,Georgia,10/14/2002
482,Munmro,Tunmore,mtunmoredd@edublogs.org,Male,424-781-4978,China,5/29/2019
483,Aubry,Lusgdin,alusgdinde@linkedin.com,Female,598-129-1109,Chile,5/24/2010
484,Wilbert,Pech,wpechdf@mlb.com,Male,313-482-4216,China,1/24/1987
485,Arvin,Maylam,amaylamdg@psu.edu,Male,646-371-3020,Indonesia,7/20/1975
486,Denna,Calcraft,dcalcraftdh@ft.com,Female,520-400-8713,North Korea,5/20/2013
487,Claudia,Bissex,cbissexdi@kickstarter.com,Female,125-909-0487,Brazil,11/6/1976
488,Audry,Oret,aoretdj@over-blog.com,Female,660-291-6442,China,9/20/2001
489,Caty,Robert,crobertdk@slashdot.org,Female,368-504-3309,Sweden,1/11/2025
490,Read,Platt,rplattdl@berkeley.edu,Male,312-651-7744,Czech Republic,6/28/2005
491,Isidoro,Gatherell,igatherelldm@yolasite.com,Male,519-268-2730,Peru,3/8/2018
492,Izak,Casale,icasaledn@nasa.gov,Male,109-378-2480,Mayotte,10/30/1983
493,Arman,Langfield,alangfielddo@linkedin.com,Male,353-465-9075,China,4/13/1971
494,Issiah,Dominichetti,idominichettidp@oakley.com,Male,688-997-4635,China,7/19/1991
495,Sophey,Shafier,sshafierdq@myspace.com,Polygender,866-945-1141,Sweden,9/15/1975
496,Elliott,Patel,epateldr@tiny.cc,Male,224-352-5793,Mongolia,10/22/1976
497,Diane-marie,Snufflebottom,dsnufflebottomds@noaa.gov,Female,805-808-6851,Portugal,11/26/1989
498,Viki,Johnys,vjohnysdt@tripod.com,Female,261-109-2933,South Africa,11/12/1982
499,Sigfried,Abeau,sabeaudu@delicious.com,Male,980-939-0467,Brazil,5/7/1980
500,Inness,Matevushev,imatevushevdv@ucoz.com,Male,799-857-1644,Russia,9/19/2015
501,Willie,Tingcomb,wtingcombdw@usnews.com,Polygender,602-393-9272,Thailand,6/19/2001
502,Maxim,Jopling,mjoplingdx@ucoz.com,Male,441-950-6949,Peru,2/4/2010
503,Theodosia,Crumb,tcrumbdy@oaic.gov.au,Female,697-740-5888,Czech Republic,10/14/2007
504,Tanny,Petry,tpetrydz@altervista.org,Male,300-244-6620,China,6/22/1992
505,Worthy,Saull,wsaulle0@amazon.co.jp,Male,762-997-5976,Poland,12/18/2023
506,Trenna,Frayn,tfrayne1@stanford.edu,Female,935-550-6366,Sweden,8/23/2017
507,Rafaellle,Anyon,ranyone2@cam.ac.uk,Male,773-365-0538,Honduras,7/25/2007
508,Shirl,Giovanetti,sgiovanettie3@statcounter.com,Polygender,554-634-9801,Philippines,6/19/2019
509,Owen,Plott,oplotte4@amazonaws.com,Male,710-676-0040,China,5/29/2025
510,Kennith,MacAne,kmacanee5@buzzfeed.com,Male,458-234-3408,Indonesia,8/29/2002
511,Cristiano,Langwade,clangwadee6@163.com,Male,503-186-8230,Sweden,3/2/2000
512,Masha,Keady,mkeadye7@nydailynews.com,Female,775-148-2723,Japan,1/9/2014
513,Archibald,Curds,acurdse8@mediafire.com,Polygender,549-693-0869,Thailand,3/5/2013
514,Van,Belcher,vbelchere9@mozilla.com,Male,641-106-5757,Ukraine,7/22/2019
515,Daveta,Bicheno,dbichenoea@g.co,Female,975-111-5418,Netherlands,5/11/2019
516,Babb,Biesinger,bbiesingereb@ucsd.edu,Female,214-289-5711,Russia,7/29/2000
517,Merry,Brooker,mbrookerec@live.com,Male,563-995-5033,Czech Republic,12/10/1981
518,Aldridge,Bradbeer,abradbeered@mapquest.com,Male,259-454-9874,China,3/5/1989
519,Fredra,Hug,fhugee@wordpress.org,Female,682-739-7155,Philippines,11/9/2009
520,Dacy,Hayth,dhaythef@psu.edu,Female,155-733-5271,Russia,4/12/2007
521,Eimile,Luckes,eluckeseg@gmpg.org,Female,904-880-5218,France,3/25/1982
522,Arleen,Twigley,atwigleyeh@amazon.co.jp,Non-binary,676-698-5938,Philippines,10/2/1983
523,Babbette,Bigadike,bbigadikeei@themeforest.net,Female,776-493-2955,Sweden,7/27/2004
524,Sena,Silkston,ssilkstonej@com.com,Female,570-402-8206,Indonesia,5/6/1988
525,Ravid,Nalder,rnalderek@arstechnica.com,Male,563-268-2896,Indonesia,2/20/1976
526,Erna,Garth,egarthel@google.co.jp,Female,495-235-0685,Indonesia,2/23/1985
527,Willard,Roles,wrolesem@kickstarter.com,Male,588-972-9515,China,7/11/2012
528,Barton,Grichukhanov,bgrichukhanoven@msn.com,Agender,664-997-1590,Ukraine,1/9/2004
529,Em,Smitherman,esmithermaneo@sakura.ne.jp,Female,201-789-0042,China,11/9/2000
530,Skyler,O'Dea,sodeaep@symantec.com,Male,648-806-5515,Guatemala,5/17/1974
531,Merola,Bonham,mbonhameq@berkeley.edu,Female,816-333-9313,China,12/7/2006
532,Rafael,Streetfield,rstreetfielder@ocn.ne.jp,Bigender,205-915-4531,United States,9/29/1986
533,Katuscha,Dubery,kduberyes@bloomberg.com,Female,793-525-8436,Peru,2/9/1993
534,Maxie,Dow,mdowet@google.nl,Female,304-943-1705,Philippines,10/14/2008
535,Ryon,Bembrick,rbembrickeu@odnoklassniki.ru,Male,385-632-0772,Mexico,3/31/2017
536,Wilton,Deadman,wdeadmanev@blogspot.com,Male,177-500-1378,Poland,5/18/2013
537,Inglebert,Wesker,iweskerew@virginia.edu,Male,116-848-1563,Latvia,6/7/1981
538,Adella,Stodd,astoddex@ucla.edu,Female,389-113-6763,Poland,5/25/1992
539,Elfrieda,Moysey,emoyseyey@hostgator.com,Female,877-834-7479,Portugal,12/14/1994
540,Hamil,Pitrasso,hpitrassoez@yale.edu,Male,462-492-3942,China,12/14/2007
541,Ag,Medcalf,amedcalff0@mlb.com,Female,176-228-1541,Mongolia,11/6/1988
542,Romy,Mogenot,rmogenotf1@state.tx.us,Female,279-232-3784,Russia,3/27/1989
543,Chrissie,Doxsey,cdoxseyf2@bluehost.com,Male,193-374-1671,Brazil,2/5/2014
544,Perceval,Zold,pzoldf3@newyorker.com,Male,327-351-4314,Portugal,12/5/2020
545,Renaldo,Fitzackerley,rfitzackerleyf4@marriott.com,Male,874-641-7970,Indonesia,12/16/2016
546,Jourdain,Tallyn,jtallynf5@wordpress.org,Male,566-431-6701,France,8/18/1975
547,Vernen,Sture,vsturef6@google.com.br,Male,209-192-1908,Indonesia,11/26/2019
548,Bibbie,Thirlaway,bthirlawayf7@time.com,Female,557-221-9553,Philippines,7/17/1978
549,Basil,Dyke,bdykef8@posterous.com,Male,675-933-9292,Czech Republic,2/7/1987
550,Jeramie,Quarton,jquartonf9@comsenz.com,Male,976-520-9441,Indonesia,3/23/2006
551,Mable,Dolling,mdollingfa@nasa.gov,Female,819-416-3583,Sweden,5/27/2016
552,Gilemette,Walasik,gwalasikfb@uiuc.edu,Genderfluid,263-152-5630,Thailand,9/30/1993
553,Mandy,Gosselin,mgosselinfc@bluehost.com,Female,410-271-2542,Argentina,7/22/1972
554,Salvidor,McGreal,smcgrealfd@who.int,Male,534-142-5501,Uganda,7/7/1986
555,Christye,Davsley,cdavsleyfe@answers.com,Female,967-319-5165,China,5/5/1974
556,Ulrich,Nekrews,unekrewsff@princeton.edu,Male,406-405-7417,China,6/4/2004
557,Alina,Hayth,ahaythfg@admin.ch,Female,448-286-7010,Cameroon,7/30/2017
558,Nicky,Lindelof,nlindeloffh@seesaa.net,Male,565-475-0232,Russia,6/13/1979
559,Harrison,Glover,hgloverfi@clickbank.net,Male,312-996-2256,United States,10/5/1989
560,Ewart,O'Scandall,eoscandallfj@aol.com,Male,145-462-2480,Denmark,5/20/1994
561,Hedi,Bosse,hbossefk@4shared.com,Female,664-575-5809,China,5/6/2025
562,Fidelia,Gresly,fgreslyfl@furl.net,Female,975-425-6149,Japan,8/1/1974
563,Bernarr,Banasiak,bbanasiakfm@cocolog-nifty.com,Male,747-590-5775,China,10/11/2012
564,Cross,Habden,chabdenfn@about.com,Male,563-235-8446,Poland,7/8/2001
565,Darb,Burgess,dburgessfo@sfgate.com,Male,666-900-7198,Brazil,4/7/1985
566,Joeann,Aspray,jasprayfp@google.es,Female,984-719-3111,Greece,12/20/1970
567,Yance,Skin,yskinfq@xrea.com,Male,114-822-2915,China,8/17/2010
568,Robby,Ratley,rratleyfr@clickbank.net,Male,221-435-2727,Portugal,5/1/2011
569,Bertrand,Mowne,bmownefs@gnu.org,Male,759-722-2882,Cyprus,4/24/1998
570,Humphrey,Stanluck,hstanluckft@deviantart.com,Male,590-275-6159,Argentina,5/14/2017
571,Kayle,Chasmar,kchasmarfu@fema.gov,Polygender,327-926-2601,Russia,9/1/2001
572,Nell,Paddell,npaddellfv@etsy.com,Polygender,409-678-6002,China,2/18/2010
573,Inness,Dumbreck,idumbreckfw@merriam-webster.com,Male,629-639-0295,Indonesia,8/20/1988
574,Allen,Dobrovsky,adobrovskyfx@opera.com,Male,386-228-7632,Costa Rica,2/1/2002
575,Ted,Scates,tscatesfy@bing.com,Agender,796-431-6539,Poland,3/17/1993
576,Isa,Dickon,idickonfz@wiley.com,Male,729-920-5107,Portugal,3/17/2024
577,Kania,Georgeau,kgeorgeaug0@microsoft.com,Female,634-211-6572,China,6/8/1978
578,Kynthia,Smeeth,ksmeethg1@hatena.ne.jp,Non-binary,839-250-1250,Ethiopia,5/2/2015
579,Garvy,Mallabar,gmallabarg2@cyberchimps.com,Genderfluid,410-452-7516,Peru,3/19/2012
580,Tamarah,Halvorsen,thalvorseng3@wordpress.com,Female,670-274-6916,Philippines,11/2/1987
581,Ninnetta,Benmore,nbenmoreg4@symantec.com,Bigender,509-397-0787,Brazil,10/17/1993
582,Hank,Lantiff,hlantiffg5@topsy.com,Male,565-592-1402,Syria,5/11/2006
583,Ciro,Cummings,ccummingsg6@g.co,Male,104-375-1939,France,7/23/1978
584,Filbert,Warlowe,fwarloweg7@last.fm,Male,584-474-6657,Afghanistan,5/6/2018
585,Meridith,Saunter,msaunterg8@state.gov,Female,809-122-0932,Indonesia,4/19/2014
586,Traci,Ellerby,tellerbyg9@indiatimes.com,Female,494-707-8255,Indonesia,8/24/2004
587,Angelita,Sales,asalesga@washingtonpost.com,Female,156-180-2408,Russia,9/5/2012
588,Bill,Yankov,byankovgb@blog.com,Female,774-906-8528,Armenia,3/14/1986
589,Kikelia,Ible,kiblegc@hp.com,Female,307-587-7171,Russia,12/18/2023
590,Luz,Bontoft,lbontoftgd@goodreads.com,Female,961-502-6858,Indonesia,7/17/1983
591,Johnathan,Sciusscietto,jsciussciettoge@mapy.cz,Non-binary,317-142-2612,Egypt,1/6/2019
592,Emmanuel,Cruikshanks,ecruikshanksgf@twitpic.com,Male,844-691-3776,Brazil,6/28/2001
593,Nona,Skellion,nskelliongg@ifeng.com,Female,538-908-9304,Indonesia,11/26/1993
594,Dewey,Whytock,dwhytockgh@addthis.com,Male,476-883-6244,China,9/11/1992
595,Irene,Prattin,iprattingi@reuters.com,Female,397-755-2094,China,12/30/1998
596,Elijah,Huish,ehuishgj@spiegel.de,Male,558-540-7855,China,3/12/1998
597,Beryle,FitzGilbert,bfitzgilbertgk@noaa.gov,Non-binary,522-284-0323,South Africa,6/18/1986
598,Valene,Bold,vboldgl@tripod.com,Female,205-343-0911,Afghanistan,3/5/2011
599,Elfreda,Casaccia,ecasacciagm@plala.or.jp,Female,664-993-4240,Mexico,5/19/1989
600,Rozalin,Laffin,rlaffingn@1688.com,Female,534-327-0835,Indonesia,5/5/2025
601,Pancho,Tankin,ptankingo@gmpg.org,Male,103-168-7178,Azerbaijan,10/20/1986
602,Pauli,Deyenhardt,pdeyenhardtgp@123-reg.co.uk,Female,846-429-8996,South Korea,3/7/2003
603,Fairlie,Kennelly,fkennellygq@alibaba.com,Male,118-777-3407,Cuba,6/17/1971
604,Dede,O'Hearn,dohearngr@jiathis.com,Female,923-312-8181,France,2/14/1979
605,Redd,Willmore,rwillmoregs@usa.gov,Male,474-955-2438,Chad,4/14/1994
606,Baudoin,Thorneley,bthorneleygt@skyrock.com,Male,286-218-6806,Indonesia,9/28/1986
607,Janice,O' Neligan,joneligangu@theguardian.com,Genderqueer,426-230-4103,Indonesia,10/25/1978
608,Dominic,Mahmood,dmahmoodgv@youku.com,Male,316-375-5260,Argentina,11/5/2017
609,Klemens,Commin,kcommingw@walmart.com,Agender,360-371-7877,Guatemala,9/9/1999
610,Penelopa,Thirwell,pthirwellgx@forbes.com,Female,963-789-2515,Philippines,9/16/2007
611,Town,Hullyer,thullyergy@walmart.com,Genderfluid,858-183-1609,Indonesia,10/28/1985
612,Alejandro,Lebang,alebanggz@sbwire.com,Male,179-734-9041,Finland,4/2/1977
613,Theodor,Dwyer,tdwyerh0@google.es,Male,499-279-0928,Latvia,6/29/2013
614,Wini,Wattinham,wwattinhamh1@biglobe.ne.jp,Female,556-396-4752,Poland,10/7/1994
615,Haley,Brehaut,hbrehauth2@edublogs.org,Male,917-327-1540,Russia,8/28/2016
616,Lucretia,deKnevet,ldekneveth3@bbb.org,Female,182-504-5011,Honduras,9/3/1975
617,Erick,McClay,emcclayh4@umn.edu,Male,622-305-3144,China,9/3/2010
618,Hew,Huzzey,hhuzzeyh5@yandex.ru,Male,436-240-8346,China,10/12/1983
619,Edan,Whitnall,ewhitnallh6@virginia.edu,Male,299-727-9128,Indonesia,3/10/1992
620,Zenia,Ollcott,zollcotth7@histats.com,Female,264-819-8327,Syria,8/5/1991
621,Allison,Gunning,agunningh8@prlog.org,Female,189-271-8335,Sweden,11/10/2009
622,Manolo,Fawkes,mfawkesh9@oakley.com,Male,334-432-3998,Brazil,1/25/2001
623,Isis,Gayforth,igayforthha@tinypic.com,Bigender,293-592-4884,Brazil,2/24/1996
624,Phyllys,Leydon,pleydonhb@cafepress.com,Female,906-304-4744,Poland,9/20/2009
625,Pierson,Berridge,pberridgehc@blogspot.com,Male,839-461-4652,Sweden,5/17/1989
626,Alysia,Britland,abritlandhd@bloglines.com,Female,208-854-4729,Argentina,12/13/1981
627,Sibella,Edwick,sedwickhe@mapy.cz,Female,518-550-2967,United States,4/27/2016
628,Nico,Magnus,nmagnushf@mlb.com,Male,581-863-1255,Portugal,5/31/2011
629,Lindsey,Gilbertson,lgilbertsonhg@ehow.com,Male,661-552-3781,Russia,2/7/1990
630,Lorette,Gardiner,lgardinerhh@rakuten.co.jp,Female,360-711-5533,Philippines,3/1/1990
631,Hendrik,Hallowes,hhalloweshi@dion.ne.jp,Male,816-969-0517,China,11/29/2018
632,Corrianne,Lomaz,clomazhj@tmall.com,Polygender,570-829-9567,Sweden,11/5/2017
633,Annamarie,Fontell,afontellhk@amazon.com,Female,412-979-6041,Thailand,12/13/1975
634,Dani,Billett,dbilletthl@about.com,Male,799-772-8307,China,2/7/1981
635,Renard,Stinson,rstinsonhm@miitbeian.gov.cn,Male,824-591-1945,France,11/28/2000
636,Val,Chancellor,vchancellorhn@meetup.com,Male,579-636-7675,Dominica,1/21/2017
637,Courtnay,Crawshaw,ccrawshawho@arstechnica.com,Male,810-630-6800,Israel,8/19/1996
638,Lonny,Stollard,lstollardhp@columbia.edu,Male,649-803-7401,Cyprus,9/16/2003
639,Joann,Farraway,jfarrawayhq@marriott.com,Female,321-332-8680,Iraq,9/13/1984
640,Tedie,Parlatt,tparlatthr@epa.gov,Male,419-448-5303,Indonesia,1/1/1997
641,Clayson,Leverington,cleveringtonhs@usnews.com,Male,474-262-0228,Portugal,12/2/2002
642,Oliver,Theaker,otheakerht@addtoany.com,Male,249-430-5737,Reunion,1/4/1980
643,Otto,Sharpling,osharplinghu@seattletimes.com,Non-binary,934-750-5325,Cuba,5/3/1974
644,Rafe,Wisson,rwissonhv@wsj.com,Male,268-339-0061,Bulgaria,9/26/1992
645,Roz,Tremeer,rtremeerhw@alibaba.com,Female,261-116-9085,Indonesia,9/15/2010
646,Wylma,Delany,wdelanyhx@java.com,Female,779-703-6810,Russia,1/17/1981
647,Selle,Crannis,scrannishy@abc.net.au,Female,846-802-6977,Martinique,7/14/1984
648,Gustavus,MacAllen,gmacallenhz@sitemeter.com,Male,840-672-5600,Russia,7/22/2023
649,Arlan,Swett,aswetti0@artisteer.com,Male,354-341-4296,Portugal,2/6/2005
650,Bertha,Metts,bmettsi1@umich.edu,Female,492-285-5107,Brazil,12/27/2023
651,Addy,Karpol,akarpoli2@oaic.gov.au,Male,263-460-8258,Indonesia,10/18/1971
652,Alanna,Slee,asleei3@usnews.com,Female,577-568-9308,China,11/8/1986
653,Robinett,Dinjes,rdinjesi4@cmu.edu,Female,483-884-5528,Thailand,7/22/2000
654,Janetta,Domanski,jdomanskii5@themeforest.net,Female,302-454-7363,Venezuela,8/25/1976
655,Carita,Lage,clagei6@ibm.com,Female,109-476-3090,Niger,5/12/1987
656,Hughie,Bruins,hbruinsi7@mapy.cz,Male,917-162-3775,China,8/12/1994
657,Lynnell,Saxelby,lsaxelbyi8@ted.com,Female,146-879-3234,Russia,5/6/1985
658,Chilton,Laister,claisteri9@github.com,Male,249-419-0220,Philippines,11/14/2020
659,Marlin,Danko,mdankoia@shareasale.com,Male,975-292-2797,Mozambique,10/12/1993
660,Lambert,Palffrey,lpalffreyib@upenn.edu,Male,377-131-2726,Bulgaria,9/10/1977
661,Hanny,Moncey,hmonceyic@infoseek.co.jp,Female,589-585-5166,Philippines,1/27/2002
662,Cary,Georgelin,cgeorgelinid@about.me,Male,656-786-8672,Czech Republic,6/20/1981
663,Laurence,Robers,lrobersie@auda.org.au,Male,362-378-2357,China,5/30/2005
664,Elsa,Curds,ecurdsif@github.com,Female,683-708-4051,Venezuela,1/23/1979
665,Aloin,Karpets,akarpetsig@storify.com,Male,647-154-4202,Indonesia,11/30/2000
666,Marshal,Dulwich,mdulwichih@hostgator.com,Male,711-110-4300,Honduras,12/8/1972
667,Ferdinand,Mattevi,fmatteviii@ustream.tv,Male,364-660-5149,Uzbekistan,4/14/1977
668,Clotilda,Hugle,chugleij@tuttocitta.it,Female,606-991-3538,Greece,8/19/1998
669,Vallie,Blackster,vblacksterik@deviantart.com,Female,368-711-3040,Indonesia,11/27/2008
670,Pavlov,Turford,pturfordil@zimbio.com,Male,134-341-0103,China,7/13/2024
671,Ray,Tranfield,rtranfieldim@edublogs.org,Male,556-128-6934,Mongolia,12/17/1997
672,Wenona,Stanier,wstanierin@vistaprint.com,Female,924-475-7741,Brazil,10/2/1972
673,Alameda,Bichener,abichenerio@wikispaces.com,Female,311-425-2314,Russia,6/11/2023
674,Noak,Vale,nvaleip@devhub.com,Male,463-484-5799,Costa Rica,12/14/2004
675,Mendy,Barthel,mbartheliq@spotify.com,Male,900-663-0291,China,6/12/2021
676,Juan,Goulder,jgoulderir@lycos.com,Male,470-227-0462,China,9/27/2018
677,Joye,Anthony,janthonyis@house.gov,Female,611-606-9779,Indonesia,6/25/1984
678,Saw,Eickhoff,seickhoffit@yale.edu,Male,715-677-2396,Indonesia,2/8/1989
679,Archy,Chapelhow,achapelhowiu@nsw.gov.au,Male,262-867-8299,China,7/6/1999
680,Oralie,Tire,otireiv@go.com,Female,240-192-7292,Argentina,12/24/1972
681,Constantino,Lillistone,clillistoneiw@w3.org,Male,599-444-0490,Russia,2/13/2024
682,Vivia,Jostan,vjostanix@example.com,Female,762-573-0167,China,9/7/1999
683,Wolfie,LeEstut,wleestutiy@pinterest.com,Bigender,766-888-5419,Ukraine,10/8/1995
684,Nigel,Gainsboro,ngainsboroiz@virginia.edu,Male,448-236-1637,Indonesia,1/2/1983
685,Lyman,Radden,lraddenj0@independent.co.uk,Male,346-480-2780,China,5/30/2017
686,Dionne,Sallings,dsallingsj1@businessweek.com,Female,475-889-7272,Senegal,7/14/1992
687,Tuckie,Glassard,tglassardj2@ow.ly,Male,544-679-8601,Indonesia,7/4/1995
688,Frieda,Parlatt,fparlattj3@mysql.com,Female,645-911-0366,Finland,5/2/2000
689,Abraham,Myers,amyersj4@redcross.org,Male,728-651-3171,Russia,8/18/1977
690,Aymer,Olesen,aolesenj5@mayoclinic.com,Male,541-333-6061,Thailand,7/6/1981
691,Tymon,Rosenblatt,trosenblattj6@exblog.jp,Male,791-703-4451,China,6/30/1983
692,Gael,Weatherell,gweatherellj7@fema.gov,Male,328-761-0544,Democratic Republic of the Congo,11/8/2011
693,Arly,Figge,afiggej8@is.gd,Female,917-970-9356,Indonesia,9/19/1975
694,Myranda,Phillimore,mphillimorej9@xing.com,Agender,798-624-7785,Philippines,11/9/1977
695,Lucien,Glasman,lglasmanja@reuters.com,Male,530-573-5812,Russia,4/24/2022
696,Deana,Sutcliffe,dsutcliffejb@cam.ac.uk,Female,999-189-1898,China,10/27/2002
697,Barty,Mease,bmeasejc@nih.gov,Male,937-183-3843,Nigeria,10/27/2024
698,Merl,Pluthero,mplutherojd@slashdot.org,Female,974-447-5823,Thailand,3/29/2009
699,Hana,Chessun,hchessunje@dyndns.org,Female,926-240-1339,China,7/5/2009
700,Nessi,Jendricke,njendrickejf@eventbrite.com,Female,875-500-7550,France,10/15/2016
701,Anthea,Rigler,ariglerjg@phpbb.com,Female,136-821-8586,Peru,4/20/2002
702,Godfry,Thornborrow,gthornborrowjh@constantcontact.com,Male,305-364-2108,Nigeria,4/7/2024
703,Jock,Knappen,jknappenji@ameblo.jp,Male,966-319-8791,Indonesia,5/9/2020
704,Jerry,Dean,jdeanjj@nasa.gov,Male,953-109-4867,China,9/7/1997
705,Murry,Gouldeby,mgouldebyjk@kickstarter.com,Male,317-505-0564,Costa Rica,8/20/2015
706,Ashla,Bayldon,abayldonjl@wiley.com,Female,774-626-2586,Uzbekistan,5/30/1984
707,Ashby,Nisbith,anisbithjm@mozilla.org,Male,856-223-5869,China,2/25/2017
708,Pauly,Proom,pproomjn@nps.gov,Female,207-476-0538,China,7/7/2011
709,Cyrill,McLugish,cmclugishjo@yandex.ru,Male,772-837-8044,Jamaica,1/16/1977
710,Anett,Layne,alaynejp@tinyurl.com,Female,691-794-2132,Yemen,12/1/2002
711,Brana,Belvard,bbelvardjq@geocities.jp,Female,490-363-2854,Peru,11/19/2007
712,Benedetta,Davitashvili,bdavitashvilijr@unblog.fr,Female,349-901-7931,Canada,12/23/1999
713,Dierdre,Dalby,ddalbyjs@wikimedia.org,Female,118-315-8243,Bolivia,6/9/2020
714,Allin,Van Dale,avandalejt@hostgator.com,Male,612-892-3652,China,5/18/2013
715,Linnea,Hixson,lhixsonju@fda.gov,Female,657-678-2843,Central African Republic,4/24/1979
716,Erwin,Ciani,ecianijv@so-net.ne.jp,Male,190-134-1875,Czech Republic,6/11/1981
717,Heloise,Powlesland,hpowleslandjw@berkeley.edu,Female,742-313-4643,Indonesia,1/31/2007
718,Eldridge,Perrigo,eperrigojx@example.com,Male,971-535-7964,South Africa,7/2/2008
719,Rudyard,Gordon-Giles,rgordongilesjy@indiegogo.com,Male,686-214-8208,China,4/29/1995
720,Simona,Prewer,sprewerjz@squidoo.com,Female,685-913-2200,Indonesia,8/22/1987
721,Rani,Heis,rheisk0@cnet.com,Female,590-122-9039,China,10/10/2003
722,Baryram,Gartin,bgartink1@simplemachines.org,Male,986-903-9768,Bangladesh,5/17/1975
723,Nikita,McKune,nmckunek2@unicef.org,Male,485-711-8120,Mexico,6/1/2020
724,Ewart,Gosden,egosdenk3@prlog.org,Male,746-949-0208,Indonesia,1/15/2021
725,Claudie,Basnall,cbasnallk4@uiuc.edu,Female,727-359-7531,China,5/7/2022
726,Marie-jeanne,MacKonochie,mmackonochiek5@youtube.com,Female,954-954-8438,China,6/6/2003
727,Gwenny,Tassell,gtassellk6@illinois.edu,Female,682-353-1363,Sweden,12/25/1988
728,Ransom,Lippitt,rlippittk7@ucla.edu,Male,600-448-2648,China,11/29/1977
729,Benedick,Caghan,bcaghank8@livejournal.com,Male,965-857-6146,Cameroon,9/5/1980
730,Carrol,Denley,cdenleyk9@vkontakte.ru,Male,707-442-6408,Iraq,12/22/2004
731,Ingunna,Kynder,ikynderka@msu.edu,Female,916-296-3453,Colombia,11/14/2003
732,Dana,Szymonwicz,dszymonwiczkb@gov.uk,Female,831-234-6336,China,4/6/1981
733,Cordell,Kopecka,ckopeckakc@slideshare.net,Genderfluid,164-129-5287,Latvia,7/22/2003
734,Aveline,Kobieriecki,akobierieckikd@nytimes.com,Female,146-434-0972,China,3/14/2009
735,Heloise,Chamberlaine,hchamberlaineke@dropbox.com,Female,947-913-1419,United Arab Emirates,8/21/2017
736,Horten,Joseland,hjoselandkf@ocn.ne.jp,Male,872-701-1531,Ukraine,6/20/1998
737,Chauncey,Tremaine,ctremainekg@naver.com,Male,382-537-1597,Philippines,3/25/2003
738,Gerda,Towns,gtownskh@squidoo.com,Female,785-521-7266,Russia,9/28/1981
739,Jdavie,Neissen,jneissenki@elpais.com,Male,629-443-2647,Russia,7/5/2020
740,Jordain,Crecy,jcrecykj@nasa.gov,Female,230-735-9520,France,3/8/1996
741,Lynnell,Balston,lbalstonkk@ftc.gov,Female,528-159-9866,Russia,9/26/1991
742,Herbie,Olander,holanderkl@ning.com,Male,974-781-4420,Indonesia,1/27/1977
743,Cassi,Baskeyfield,cbaskeyfieldkm@meetup.com,Female,216-714-9798,Japan,7/14/2005
744,Hilda,Walklot,hwalklotkn@stumbleupon.com,Female,920-348-3812,China,2/5/2013
745,Lizzie,Enticott,lenticottko@weather.com,Female,833-767-3880,Peru,5/3/2017
746,Dagny,Bartell,dbartellkp@t-online.de,Male,688-716-7343,China,7/10/2023
747,Talbert,Kerfut,tkerfutkq@ycombinator.com,Male,384-530-3286,China,11/25/2004
748,Aubree,Peyton,apeytonkr@army.mil,Female,209-631-5277,Portugal,1/16/2025
749,Henrie,Blanque,hblanqueks@macromedia.com,Female,776-801-9891,Sweden,10/17/2003
750,Ingaborg,Dunsford,idunsfordkt@vk.com,Female,481-685-4963,Nigeria,9/1/2014
751,Casper,Sacaze,csacazeku@huffingtonpost.com,Male,278-233-8839,China,8/21/1990
752,Zsazsa,Perico,zpericokv@de.vu,Female,671-414-9840,Japan,6/8/1973
753,Carissa,Vanyatin,cvanyatinkw@columbia.edu,Female,232-149-9826,France,4/10/1983
754,Abigael,Carcass,acarcasskx@squidoo.com,Genderqueer,314-535-7161,Cameroon,11/12/2002
755,Ronnica,Harrismith,rharrismithky@wisc.edu,Female,263-932-8683,China,12/1/2001
756,Daisie,Kamen,dkamenkz@gizmodo.com,Female,923-187-7483,China,6/22/1990
757,Annetta,Beddo,abeddol0@hexun.com,Female,590-184-9493,Russia,9/14/2025
758,Judye,Clemes,jclemesl1@i2i.jp,Female,663-154-8730,Nigeria,2/25/1991
759,Roarke,Pear,rpearl2@nytimes.com,Male,218-930-9103,Nigeria,7/26/1977
760,Moll,Dunkerly,mdunkerlyl3@scientificamerican.com,Female,171-894-1137,Sweden,6/19/2021
761,Tabby,Hawkin,thawkinl4@phoca.cz,Female,710-222-2029,Israel,12/5/1999
762,Harry,Philliskirk,hphilliskirkl5@opera.com,Male,977-649-0120,China,7/28/2014
763,Gwenni,Le Claire,gleclairel6@webnode.com,Female,450-709-6907,France,11/6/2020
764,Quentin,Petkens,qpetkensl7@discovery.com,Male,500-180-3056,China,1/21/2006
765,Shell,Celes,scelesl8@wired.com,Male,721-130-2351,Portugal,6/2/1982
766,Tadio,Ludford,tludfordl9@unc.edu,Male,116-112-8775,Brazil,7/11/2022
767,Rosamond,Yushachkov,ryushachkovla@state.gov,Female,746-135-7244,Thailand,6/14/2025
768,Ashil,Convery,aconverylb@slate.com,Non-binary,441-359-6079,Ireland,2/12/1977
769,Orelie,Arrow,oarrowlc@liveinternet.ru,Female,231-111-8952,South Korea,8/21/1987
770,Eal,Northbridge,enorthbridgeld@weibo.com,Male,670-731-4272,Mongolia,11/5/1996
771,Alicea,Beacham,abeachamle@de.vu,Female,806-410-9442,China,7/21/2004
772,Jennifer,Newnham,jnewnhamlf@dailymail.co.uk,Female,165-940-8471,Indonesia,11/29/1980
773,Keri,Lodge,klodgelg@answers.com,Agender,988-235-1005,Sweden,5/8/2007
774,Kane,Bercevelo,kbercevelolh@washingtonpost.com,Male,624-422-8341,Brazil,6/15/2005
775,Carlita,Faers,cfaersli@upenn.edu,Female,526-267-4221,China,7/18/1971
776,Emmalynn,Koenraad,ekoenraadlj@webs.com,Agender,623-963-7207,China,12/24/2004
777,Dalt,Darnell,ddarnelllk@etsy.com,Male,629-750-4065,Ukraine,12/10/1984
778,Patin,Asplen,pasplenll@imgur.com,Male,625-493-5394,Russia,2/5/1990
779,Craig,Klugel,cklugellm@networksolutions.com,Polygender,564-858-2195,China,11/8/1994
780,Editha,Derrington,ederringtonln@noaa.gov,Female,802-239-0403,Indonesia,12/13/1988
781,Bettine,Duchant,bduchantlo@wired.com,Genderqueer,195-946-0395,Macedonia,1/31/1978
782,Justinian,Maus,jmauslp@arstechnica.com,Non-binary,407-656-4983,China,5/30/1982
783,Catharine,Heald,chealdlq@google.it,Female,420-782-0680,Philippines,12/7/1985
784,Barton,Castells,bcastellslr@ox.ac.uk,Male,143-735-4382,France,8/5/2019
785,Evonne,Chinery,echineryls@loc.gov,Female,710-366-9808,China,10/25/2008
786,Abey,Bingall,abingalllt@fastcompany.com,Male,371-669-5789,Indonesia,6/21/2012
787,Vaughn,Glenister,vglenisterlu@gov.uk,Male,520-897-4173,China,9/15/1981
788,Raina,Duckwith,rduckwithlv@cornell.edu,Female,172-905-8368,Georgia,4/14/2014
789,Gavin,Risborough,grisboroughlw@ftc.gov,Male,504-305-8448,Indonesia,6/1/2007
790,Cullen,Pretsell,cpretselllx@usa.gov,Male,590-501-9643,Philippines,2/20/2022
791,Felita,Redholls,fredhollsly@weather.com,Female,594-775-8706,China,11/20/1987
792,Josh,Taylour,jtaylourlz@dyndns.org,Polygender,914-438-5851,Nigeria,8/5/2010
793,Lynette,Mewhirter,lmewhirterm0@cafepress.com,Female,170-942-3173,Poland,11/18/1981
794,Lotty,Tinman,ltinmanm1@nationalgeographic.com,Female,520-517-0343,China,12/31/2012
795,Quincey,Cottingham,qcottinghamm2@hubpages.com,Male,398-183-9239,Brazil,9/19/1977
796,Graig,Van Der Straaten,gvanderstraatenm3@wordpress.org,Agender,444-664-9600,Greece,12/17/1997
797,Bev,Skeermor,bskeermorm4@harvard.edu,Male,991-570-3396,China,1/6/2009
798,Yard,Dax,ydaxm5@yellowpages.com,Male,717-668-2005,China,4/22/2011
799,Marty,Walcar,mwalcarm6@odnoklassniki.ru,Female,650-591-8409,Thailand,4/21/1982
800,Morty,Bedinn,mbedinnm7@jimdo.com,Male,783-310-3280,Russia,5/9/2010
801,Damiano,Patise,dpatisem8@rediff.com,Male,701-752-4968,China,1/14/1971
802,Drud,Loy,dloym9@paginegialle.it,Male,683-335-5046,Ukraine,7/17/1973
803,Celestia,Bettinson,cbettinsonma@mtv.com,Female,943-947-0037,Indonesia,5/14/2021
804,Malena,Skillen,mskillenmb@sitemeter.com,Female,350-561-9958,Indonesia,6/17/1984
805,Cher,Librey,clibreymc@etsy.com,Female,173-487-0451,Turkmenistan,7/8/1975
806,Barbey,Tratton,btrattonmd@eventbrite.com,Female,778-159-0624,Philippines,5/1/2010
807,Ambros,Beautyman,abeautymanme@tinyurl.com,Male,189-905-0532,Kenya,4/19/1982
808,Sly,Mowsdale,smowsdalemf@studiopress.com,Male,193-516-0769,Philippines,4/15/1987
809,Fancy,Matusson,fmatussonmg@blog.com,Female,549-534-5257,Finland,3/30/2020
810,Wendell,Fortman,wfortmanmh@cbc.ca,Male,215-521-0704,China,1/28/2023
811,Piggy,Campa,pcampami@example.com,Male,842-308-7458,Indonesia,7/6/2011
812,Feliza,Corro,fcorromj@icio.us,Female,886-313-2459,Russia,10/22/1982
813,Alonso,Sankey,asankeymk@godaddy.com,Male,669-445-9758,Colombia,9/3/1972
814,Berget,Sesons,bsesonsml@businessweek.com,Female,641-612-3461,Latvia,7/6/1986
815,Stavros,Depka,sdepkamm@oracle.com,Polygender,202-572-3704,United States,1/1/2002
816,Gaspar,Giacubbo,ggiacubbomn@dagondesign.com,Male,460-524-2079,Bulgaria,11/16/2004
817,Persis,Rothschild,prothschildmo@privacy.gov.au,Female,642-150-4442,China,7/17/1982
818,Dylan,Verma,dvermamp@wufoo.com,Male,844-279-3900,Chad,11/25/1987
819,Willdon,Van der Brugge,wvanderbruggemq@networksolutions.com,Male,491-978-5034,China,11/8/2001
820,Angelia,Rhodes,arhodesmr@last.fm,Female,862-697-5338,Portugal,3/24/2016
821,Giulio,Valens-Smith,gvalenssmithms@mapy.cz,Male,874-305-8430,Uruguay,11/2/1988
822,Federico,Abramzon,fabramzonmt@census.gov,Male,428-433-9474,Brazil,1/10/1983
823,Celka,Eriksson,cerikssonmu@yahoo.com,Genderfluid,119-892-6164,China,5/16/1988
824,Minny,Andreoletti,mandreolettimv@wiley.com,Female,336-814-0582,United States,5/22/1987
825,Davina,Eastabrook,deastabrookmw@vk.com,Female,819-751-6462,Ukraine,9/21/1988
826,Parsifal,McGonigle,pmcgoniglemx@ow.ly,Male,473-108-7870,China,12/17/2008
827,Justin,Braycotton,jbraycottonmy@opera.com,Male,203-944-3983,United States,6/28/1975
828,Rafaelita,Sibray,rsibraymz@npr.org,Female,515-116-4850,China,7/15/1991
829,Weider,Tuxill,wtuxilln0@omniture.com,Male,806-647-2100,Armenia,2/10/1981
830,Terrye,Pooley,tpooleyn1@discuz.net,Female,978-471-5589,"Bonaire, Saint Eustatius and Saba ",11/8/1991
831,Bevvy,Andriulis,bandriulisn2@gmpg.org,Female,541-949-4348,China,3/26/2017
832,Rob,Bikker,rbikkern3@soundcloud.com,Male,251-806-4084,Colombia,11/10/2012
833,Wenda,Benedicte,wbenedicten4@accuweather.com,Female,103-694-6121,France,11/2/2016
834,Leonora,Pitherick,lpitherickn5@mashable.com,Bigender,215-803-5760,Brazil,4/11/1973
835,Gale,Wallbank,gwallbankn6@constantcontact.com,Female,737-188-6777,Palestinian Territory,8/27/2012
836,Perice,Sanz,psanzn7@mediafire.com,Male,430-504-5885,Kazakhstan,5/19/2021
837,Ardine,Hare,aharen8@hubpages.com,Female,843-378-1246,Indonesia,1/17/1996
838,Berny,Barajas,bbarajasn9@ucoz.ru,Male,423-508-7942,Brazil,3/23/1972
839,Tannie,Geator,tgeatorna@surveymonkey.com,Male,912-325-7615,Central African Republic,11/25/2001
840,Cullie,Branson,cbransonnb@tripod.com,Male,164-838-7499,Russia,4/14/2017
841,Pattin,Lampe,plampenc@guardian.co.uk,Male,255-967-3499,China,10/16/2021
842,Max,Swaffield,mswaffieldnd@stumbleupon.com,Female,438-133-4546,Philippines,10/2/2019
843,Ignaz,Patemore,ipatemorene@cdc.gov,Male,615-580-0945,China,8/13/2015
844,Maia,Gretton,mgrettonnf@cisco.com,Genderfluid,570-938-3876,United States,11/12/1996
845,Ned,Steger,nstegerng@abc.net.au,Male,628-758-8417,New Zealand,11/19/2016
846,Keefe,Sussex,ksussexnh@chronoengine.com,Male,665-281-0617,Afghanistan,6/27/1995
847,Maria,Groucutt,mgroucuttni@dmoz.org,Female,456-755-9393,China,11/21/2012
848,Vincents,Eblein,vebleinnj@census.gov,Non-binary,780-997-3330,Brazil,6/25/2006
849,Roldan,Benting,rbentingnk@foxnews.com,Male,513-420-3891,Indonesia,7/15/1978
850,Chaunce,Kovelmann,ckovelmannnl@hud.gov,Male,594-792-7354,Russia,9/11/2024
851,Hendrika,Gadie,hgadienm@independent.co.uk,Female,431-298-0265,Japan,5/12/1990
852,Daphna,Hanselmann,dhanselmannnn@netscape.com,Female,280-641-0919,Indonesia,4/11/1974
853,Milo,Closs,mclossno@cargocollective.com,Male,189-217-3315,Indonesia,12/11/1999
854,Bartholemy,Clute,bclutenp@purevolume.com,Male,821-472-0421,Portugal,8/28/1977
855,Alberto,Leuty,aleutynq@behance.net,Male,631-299-4609,Slovenia,12/7/2022
856,Lonna,Moorman,lmoormannr@1688.com,Female,835-396-9464,France,10/12/1978
857,Malvin,Leach,mleachns@about.me,Male,154-568-0127,Sweden,11/5/1989
858,Thibaut,Chese,tchesent@reverbnation.com,Male,401-776-6938,China,6/30/2024
859,Dennie,Isacq,disacqnu@biblegateway.com,Bigender,461-728-7111,Brazil,2/13/2008
860,Kingsley,Winch,kwinchnv@theatlantic.com,Male,471-415-6821,Philippines,4/4/1988
861,Rowena,Mackison,rmackisonnw@sfgate.com,Female,204-600-2503,Russia,4/23/1982
862,Sigismond,Besque,sbesquenx@tripadvisor.com,Male,170-336-2407,Ukraine,4/23/1998
863,Scotti,Pionter,spionterny@cargocollective.com,Male,904-227-1226,Indonesia,6/27/2008
864,Ceciley,Kinker,ckinkernz@theatlantic.com,Female,698-277-3214,Paraguay,10/7/2006
865,Lotti,Lysaght,llysaghto0@xrea.com,Female,370-193-6901,Malaysia,1/26/1998
866,Waldon,Bernet,wberneto1@nih.gov,Male,290-431-4798,France,10/27/2016
867,Cyndy,Ackerman,cackermano2@people.com.cn,Female,308-135-6818,Indonesia,7/13/2013
868,Fanya,Sedger,fsedgero3@deliciousdays.com,Non-binary,963-906-5492,China,6/21/1984
869,Loise,Pellett,lpelletto4@woothemes.com,Female,937-159-5562,Israel,7/31/2021
870,Yorgos,Latour,ylatouro5@ning.com,Male,243-997-5096,China,6/13/1974
871,Harland,Pletts,hplettso6@etsy.com,Male,253-174-0121,United States,6/1/2003
872,Jonas,Woodroff,jwoodroffo7@smh.com.au,Male,795-595-2004,China,1/28/2012
873,Llewellyn,Scougal,lscougalo8@newsvine.com,Male,597-652-2170,Ukraine,7/18/1978
874,Joseph,McReath,jmcreatho9@seattletimes.com,Male,217-100-0832,China,10/20/2012
875,Cass,Greim,cgreimoa@cloudflare.com,Male,365-408-3417,Japan,8/12/1987
876,Nat,Wrightem,nwrightemob@state.gov,Male,939-476-8989,Greece,3/1/2021
877,Stevy,Lyptrit,slyptritoc@hao123.com,Male,381-757-5224,Czech Republic,12/12/1976
878,Jasun,Sproul,jsproulod@columbia.edu,Male,480-264-2885,China,9/11/2011
879,Aubine,Treadwell,atreadwelloe@cam.ac.uk,Female,491-636-9367,Cameroon,1/17/1981
880,Georgeanne,Skevington,gskevingtonof@senate.gov,Female,436-645-6486,Japan,7/12/2007
881,Maud,Veregan,mvereganog@apple.com,Female,628-846-9184,Indonesia,9/8/1985
882,Joelly,Coorington,jcooringtonoh@paypal.com,Female,969-338-8014,China,12/18/2005
883,Darrick,Ropert,dropertoi@com.com,Male,454-979-8519,Russia,1/25/1972
884,Miner,Shemwell,mshemwelloj@prlog.org,Male,771-873-5581,Taiwan,10/27/2016
885,Albrecht,Briar,abriarok@ox.ac.uk,Male,952-579-1622,Finland,7/9/1991
886,Guillaume,Moreland,gmorelandol@china.com.cn,Male,207-297-2818,Indonesia,10/1/2020
887,Arne,Trahearn,atrahearnom@storify.com,Male,802-319-8890,Ukraine,11/7/2018
888,Ossie,Keri,okerion@ed.gov,Male,196-431-9866,Bosnia and Herzegovina,6/3/1996
889,Austin,Dwyer,adwyeroo@last.fm,Genderqueer,969-385-4530,Ukraine,7/1/2008
890,Obadias,Warlaw,owarlawop@tmall.com,Male,122-779-4055,Philippines,2/27/1997
891,Tomaso,Brocklesby,tbrocklesbyoq@nhs.uk,Male,839-275-3206,Philippines,4/10/2013
892,Hinda,Champley,hchampleyor@nps.gov,Female,586-344-5674,Czech Republic,11/4/2007
893,Vic,Scola,vscolaos@drupal.org,Male,757-210-3146,United States,10/18/1983
894,Krystyna,Giovanazzi,kgiovanazziot@omniture.com,Female,136-313-3197,Colombia,12/13/1990
895,Evonne,Winsley,ewinsleyou@constantcontact.com,Female,403-319-3340,Philippines,7/21/2009
896,Jamesy,Cleft,jcleftov@nymag.com,Male,490-723-3941,Thailand,1/4/1999
897,Sabina,Dimmock,sdimmockow@macromedia.com,Female,685-881-4582,Portugal,5/17/1993
898,Claudius,Schleswig-Holstein,cschleswigholsteinox@google.co.jp,Male,744-183-4991,Philippines,7/13/2019
899,Hazel,Stolle,hstolleoy@msn.com,Male,848-720-9466,China,1/28/1993
900,Seana,Cunnington,scunningtonoz@bing.com,Female,261-771-2080,Indonesia,4/20/1989
901,Athena,Arrigucci,aarriguccip0@1und1.de,Female,321-574-3615,China,7/2/2022
902,Nil,Whicher,nwhicherp1@blogger.com,Male,108-322-7129,China,1/19/1980
903,Roger,Maes,rmaesp2@dailymail.co.uk,Male,296-381-8425,Indonesia,5/9/1992
904,Kinna,Winning,kwinningp3@imgur.com,Female,125-551-9767,Indonesia,7/12/1985
905,Forrest,Swadon,fswadonp4@hatena.ne.jp,Male,537-390-1952,France,9/9/2008
906,Judye,Baylis,jbaylisp5@about.com,Female,162-459-4908,Portugal,6/1/1971
907,Konstance,Darrigoe,kdarrigoep6@mac.com,Female,463-677-2077,China,6/14/2000
908,Nettie,Stoad,nstoadp7@globo.com,Female,263-211-4374,China,12/18/2011
909,Minda,Poole,mpoolep8@tmall.com,Female,247-545-9530,Indonesia,9/18/1992
910,Cal,Gave,cgavep9@howstuffworks.com,Male,304-660-1811,Philippines,2/7/2015
911,Letty,Luffman,lluffmanpa@nhs.uk,Polygender,771-593-7911,Armenia,10/15/1985
912,Jojo,Tedridge,jtedridgepb@surveymonkey.com,Non-binary,347-216-7496,Russia,4/14/1978
913,Donnie,Rostern,drosternpc@mac.com,Non-binary,398-839-8171,Bolivia,10/24/2023
914,Delmar,Stenton,dstentonpd@sogou.com,Male,481-597-6721,Thailand,5/1/2012
915,Vita,Le Bosse,vlebossepe@1und1.de,Female,524-955-4693,Afghanistan,3/19/2012
916,Phip,Bascombe,pbascombepf@free.fr,Male,537-253-1407,China,6/2/1985
917,Julienne,Leathers,jleatherspg@github.io,Female,684-158-8650,China,7/8/2004
918,Marcile,Sayers,msayersph@clickbank.net,Female,351-791-2950,Colombia,4/11/1982
919,Nikki,Boord,nboordpi@state.tx.us,Male,398-729-3756,France,12/24/1996
920,Freeland,Bastow,fbastowpj@biglobe.ne.jp,Male,708-771-5491,Poland,8/2/1992
921,Gan,Atto,gattopk@home.pl,Male,634-388-0121,Russia,9/8/1982
922,Emmey,Gaine,egainepl@bloomberg.com,Female,280-653-0752,Portugal,2/15/1980
923,Sylvia,McClenan,smcclenanpm@fotki.com,Female,154-539-4592,Ireland,6/26/2011
924,Heall,Prate,hpratepn@sitemeter.com,Male,207-360-6573,Russia,7/1/2020
925,Algernon,Meagher,ameagherpo@macromedia.com,Male,247-892-1363,China,6/16/2003
926,Ophelie,Keeling,okeelingpp@stumbleupon.com,Female,174-575-1935,Greece,9/27/1993
927,Clevey,Culy,cculypq@posterous.com,Male,607-293-6725,Argentina,8/13/1994
928,Caspar,Chasteney,cchasteneypr@360.cn,Male,952-492-7945,Poland,5/12/2009
929,Dexter,Ingarfill,dingarfillps@wunderground.com,Male,886-989-5813,Nigeria,4/27/1992
930,Gwen,Blackwood,gblackwoodpt@reuters.com,Female,751-390-1795,Canada,8/4/1975
931,Brynne,Broadhead,bbroadheadpu@livejournal.com,Female,834-455-5470,Greece,1/9/1993
932,Nealon,Meaden,nmeadenpv@sphinn.com,Male,693-379-8821,Estonia,11/30/1990
933,Lisbeth,Donahue,ldonahuepw@gnu.org,Female,205-855-6020,Poland,8/23/2019
934,Esra,Barthot,ebarthotpx@slate.com,Genderqueer,451-415-0728,Colombia,8/2/1981
935,Winna,Petric,wpetricpy@exblog.jp,Female,983-480-9025,Panama,9/3/1982
936,Cosetta,Trobey,ctrobeypz@amazon.com,Female,207-558-0959,Venezuela,5/27/2020
937,Maximilian,Cansdill,mcansdillq0@cloudflare.com,Male,544-315-8747,Greece,4/23/1977
938,Tadeas,Mussetti,tmussettiq1@ning.com,Male,158-872-8933,Argentina,3/4/2008
939,Preston,Johnsee,pjohnseeq2@behance.net,Male,813-674-4233,Indonesia,10/14/1980
940,Chip,Downing,cdowningq3@drupal.org,Male,133-224-3908,Chile,5/15/2001
941,Viviana,Jerg,vjergq4@sphinn.com,Female,884-946-1365,China,2/7/1982
942,Marcia,Habbeshaw,mhabbeshawq5@earthlink.net,Female,932-253-4520,Belize,5/15/2003
943,Currie,Pryer,cpryerq6@cdc.gov,Bigender,952-562-9009,Russia,4/14/1976
944,Iosep,Shilton,ishiltonq7@biblegateway.com,Male,448-419-8168,Ukraine,12/28/2021
945,Rad,Chyuerton,rchyuertonq8@google.nl,Male,523-305-0557,Germany,11/22/1981
946,Jory,Ralls,jrallsq9@aol.com,Male,825-219-3455,Sweden,4/20/1989
947,Kyle,Lantry,klantryqa@istockphoto.com,Male,709-373-8532,Denmark,2/14/1976
948,Chicky,Reddlesden,creddlesdenqb@merriam-webster.com,Male,923-114-4422,China,1/27/1997
949,Gayelord,Aymer,gaymerqc@cargocollective.com,Male,635-315-8045,Bhutan,8/31/2018
950,Rowney,Dennis,rdennisqd@chicagotribune.com,Male,927-837-2966,Pakistan,4/27/1979
951,Halie,Casassa,hcasassaqe@4shared.com,Female,813-376-1577,Luxembourg,12/7/1984
952,Erl,Madders,emaddersqf@merriam-webster.com,Male,585-279-9098,France,2/20/1978
953,Gabe,Betteney,gbetteneyqg@163.com,Male,368-323-8633,Lithuania,3/14/1995
954,Lionello,Ruppelin,lruppelinqh@clickbank.net,Male,730-884-0568,Brazil,5/2/1999
955,Nappy,Shatliff,nshatliffqi@auda.org.au,Male,712-685-9484,Czech Republic,7/3/1983
956,Devora,Montier,dmontierqj@nhs.uk,Female,182-906-8576,Nigeria,12/5/1984
957,Riordan,McAlister,rmcalisterqk@answers.com,Male,494-538-9144,China,9/15/1993
958,Wittie,Giotto,wgiottoql@indiegogo.com,Male,641-104-1716,South Africa,5/26/2010
959,Broderic,Palle,bpalleqm@studiopress.com,Male,505-105-7552,Croatia,4/8/2002
960,Lorene,Esp,lespqn@weather.com,Female,474-112-5072,Uzbekistan,4/1/2017
961,Alexi,Doree,adoreeqo@biblegateway.com,Female,546-983-7637,Croatia,9/6/2025
962,Sumner,Babbidge,sbabbidgeqp@sphinn.com,Agender,210-104-6678,Indonesia,7/15/2020
963,Kenny,Kinghorn,kkinghornqq@about.com,Male,303-658-8859,Poland,4/8/1996
964,Irving,Dovidian,idovidianqr@w3.org,Male,228-530-9677,Sweden,6/15/2016
965,Neysa,Shirt,nshirtqs@google.pl,Female,661-962-8613,China,9/12/2006
966,Morissa,Huccaby,mhuccabyqt@google.com.au,Female,237-938-8961,China,3/5/1988
967,Gael,Ells,gellsqu@elegantthemes.com,Female,777-151-3517,Sweden,2/15/1997
968,Shell,Speechly,sspeechlyqv@flickr.com,Male,415-933-3314,Indonesia,1/21/2006
969,Otis,Chesterton,ochestertonqw@cocolog-nifty.com,Male,923-483-0958,Colombia,6/10/2020
970,Yoshiko,Ruger,yrugerqx@twitter.com,Female,295-708-9894,Brazil,8/14/2009
971,Lu,Pullen,lpullenqy@google.fr,Female,525-135-3219,Indonesia,11/23/1994
972,Aubine,Arlott,aarlottqz@a8.net,Female,503-812-4217,Russia,3/1/1976
973,Jasmine,Gilbey,jgilbeyr0@yelp.com,Female,159-107-4726,Indonesia,7/30/2018
974,Marcelia,Babinski,mbabinskir1@eventbrite.com,Female,802-545-5573,Philippines,9/22/1978
975,Dyana,Snailham,dsnailhamr2@multiply.com,Female,817-286-9003,Croatia,2/10/1979
976,Kori,Brainsby,kbrainsbyr3@biglobe.ne.jp,Female,585-106-0948,Brazil,9/23/1973
977,Justinian,Mathews,jmathewsr4@behance.net,Male,827-727-6315,Colombia,3/20/1988
978,Tucker,Kerrane,tkerraner5@businessweek.com,Male,239-332-3084,Mongolia,1/1/1976
979,Myrtice,Pugh,mpughr6@arstechnica.com,Female,318-185-7006,Spain,1/28/1995
980,Gareth,Ditchfield,gditchfieldr7@newsvine.com,Male,211-536-3366,Saint Kitts and Nevis,1/16/1981
981,Bud,Angless,banglessr8@facebook.com,Male,398-228-2415,Thailand,2/15/1994
982,Andrus,Berrecloth,aberreclothr9@moonfruit.com,Male,555-789-4829,Western Sahara,5/25/2008
983,Umeko,Stavers,ustaversra@google.ca,Female,903-527-7682,China,2/9/2000
984,Merle,Chieco,mchiecorb@vistaprint.com,Male,102-571-5856,China,1/13/1975
985,Kathy,Lyes,klyesrc@cargocollective.com,Female,329-399-2841,Portugal,7/28/2010
986,Neysa,Eseler,neselerrd@smh.com.au,Female,316-682-3872,Portugal,5/15/1982
987,Melli,McIlrath,mmcilrathre@amazon.co.jp,Female,282-134-1927,China,9/8/1982
988,Mordecai,Ovill,movillrf@zimbio.com,Male,982-954-5258,Indonesia,9/9/2008
989,Timotheus,Rock,trockrg@blogs.com,Male,378-272-1674,France,2/11/2021
990,Vassili,Minerdo,vminerdorh@admin.ch,Male,958-827-7731,Argentina,8/13/2001
991,Mercie,Sharram,msharramri@ning.com,Female,140-672-2980,China,9/17/2021
992,Holly,Pirolini,hpirolinirj@cdc.gov,Male,195-343-5884,Indonesia,9/14/2014
993,Kathrine,Rennock,krennockrk@slate.com,Female,407-786-1945,China,5/9/1995
994,Clo,Francioli,cfranciolirl@behance.net,Female,681-953-6089,Poland,2/20/1989
995,Carlin,Symper,csymperrm@yolasite.com,Male,394-705-9724,France,1/26/1984
996,Wang,Ansell,wansellrn@nydailynews.com,Agender,294-878-3777,Canada,1/3/1981
997,Jade,Hay,jhayro@bloomberg.com,Female,269-823-8708,Sweden,4/21/2021
998,Etan,Bust,ebustrp@mediafire.com,Male,408-230-6177,Sweden,1/26/1985
999,Tye,Ricciardelli,tricciardellirq@hc360.com,Male,142-823-1813,China,11/24/2001
1000,Heddi,Petranek,hpetranekrr@geocities.jp,Female,198-918-3220,China,5/8/1984
